{
  "artifact_status": "SOURCE_REVIEW_ONLY_NOT_PUBLICATION_APPROVAL",
  "authoritative_boundary_claimed": false,
  "canonical_identity_approved": false,
  "extracted_feature_count": 110,
  "features": [
    {
      "geometry": {
        "coordinates": [
          13.202963875000023,
          32.894793692000064
        ],
        "type": "Point"
      },
      "properties": {
        "authoritative_boundary_claimed": false,
        "authority_status": "UNAPPROVED",
        "canonical_identity_approved": false,
        "governance_role": "NET_NEW_REVIEW_CANDIDATE",
        "is_published": false,
        "is_validated": false,
        "publication_approved": false,
        "review_status": "REVIEW_REQUIRED",
        "source_attributes": {
          "الاسم_الانجليزي_للمرفق": "Restaurants",
          "الاسم_العربي_للمرفق": "المطعم التركى",
          "البريد_الالكتروني": "غير متوفر",
          "البريد_المصور": "002189",
          "المحافظة": "طرابلس",
          "المحلة": "طرابلس",
          "المدينة": "طرابلس",
          "الملحقات": "غير متوفر",
          "الهواتف": "2189",
          "عدد_الطاولات": 1,
          "عدد_الكراسي": 1,
          "فئة_التصنيف": 1106,
          "ملاحظات": "مطعم ",
          "نوع_المأكولات": "وجبات تركية متنوعة"
        },
        "source_composite_id": "المطاعم_السياحية:1",
        "source_database": "Libya ATLAS Project.gdb",
        "source_feature_id": "1",
        "source_id": "LIBYA_ATLAS_PROJECT_GDB",
        "source_layer": "المطاعم_السياحية",
        "target_layer": "RESTAURANTS",
        "validation_status": "SOURCE_EXTRACTED"
      },
      "type": "Feature"
    },
    {
      "geometry": {
        "coordinates": [
          13.244454167000072,
          32.90766061900007
        ],
        "type": "Point"
      },
      "properties": {
        "authoritative_boundary_claimed": false,
        "authority_status": "UNAPPROVED",
        "canonical_identity_approved": false,
        "governance_role": "NET_NEW_REVIEW_CANDIDATE",
        "is_published": false,
        "is_validated": false,
        "publication_approved": false,
        "review_status": "REVIEW_REQUIRED",
        "source_attributes": {
          "الاسم_الانجليزي_للمرفق": "Restaurants",
          "الاسم_العربي_للمرفق": "سلسلة مطاعم اسماك- سوق الجمعة",
          "البريد_الالكتروني": "غير متوفر",
          "البريد_المصور": "002189",
          "المحافظة": "طرابلس",
          "المحلة": "طرابلس",
          "المدينة": "طرابلس",
          "الملحقات": "غير متوفر",
          "الهواتف": "2189",
          "عدد_الطاولات": 1,
          "عدد_الكراسي": 1,
          "فئة_التصنيف": 1106,
          "ملاحظات": "مطعم سياحي",
          "نوع_المأكولات": "مأكولات بحرية"
        },
        "source_composite_id": "المطاعم_السياحية:2",
        "source_database": "Libya ATLAS Project.gdb",
        "source_feature_id": "2",
        "source_id": "LIBYA_ATLAS_PROJECT_GDB",
        "source_layer": "المطاعم_السياحية",
        "target_layer": "RESTAURANTS",
        "validation_status": "SOURCE_EXTRACTED"
      },
      "type": "Feature"
    },
    {
      "geometry": {
        "coordinates": [
          13.375821521000034,
          32.89432991600006
        ],
        "type": "Point"
      },
      "properties": {
        "authoritative_boundary_claimed": false,
        "authority_status": "UNAPPROVED",
        "canonical_identity_approved": false,
        "governance_role": "NET_NEW_REVIEW_CANDIDATE",
        "is_published": false,
        "is_validated": false,
        "publication_approved": false,
        "review_status": "REVIEW_REQUIRED",
        "source_attributes": {
          "الاسم_الانجليزي_للمرفق": "Restaurants",
          "الاسم_العربي_للمرفق": "سلسلة مطاعم اسماك -تاجوراء",
          "البريد_الالكتروني": "غير متوفر",
          "البريد_المصور": "002189",
          "المحافظة": "طرابلس",
          "المحلة": "طرابلس",
          "المدينة": "طرابلس",
          "الملحقات": "غير متوفر",
          "الهواتف": "2189",
          "عدد_الطاولات": 1,
          "عدد_الكراسي": 1,
          "فئة_التصنيف": 1106,
          "ملاحظات": "مطعم سياحي",
          "نوع_المأكولات": "مأكولات بحرية"
        },
        "source_composite_id": "المطاعم_السياحية:3",
        "source_database": "Libya ATLAS Project.gdb",
        "source_feature_id": "3",
        "source_id": "LIBYA_ATLAS_PROJECT_GDB",
        "source_layer": "المطاعم_السياحية",
        "target_layer": "RESTAURANTS",
        "validation_status": "SOURCE_EXTRACTED"
      },
      "type": "Feature"
    },
    {
      "geometry": {
        "coordinates": [
          13.18103018100004,
          32.894308383000066
        ],
        "type": "Point"
      },
      "properties": {
        "authoritative_boundary_claimed": false,
        "authority_status": "UNAPPROVED",
        "canonical_identity_approved": false,
        "governance_role": "NET_NEW_REVIEW_CANDIDATE",
        "is_published": false,
        "is_validated": false,
        "publication_approved": false,
        "review_status": "REVIEW_REQUIRED",
        "source_attributes": {
          "الاسم_الانجليزي_للمرفق": "Restaurants",
          "الاسم_العربي_للمرفق": "مطعم سليم",
          "البريد_الالكتروني": "غير متوفر",
          "البريد_المصور": "002189",
          "المحافظة": "طرابلس",
          "المحلة": "شارع امحمد المقريف",
          "المدينة": "طرابلس",
          "الملحقات": "غير متوفر",
          "الهواتف": "2189",
          "عدد_الطاولات": 1,
          "عدد_الكراسي": 1,
          "فئة_التصنيف": 1106,
          "ملاحظات": "مطعم ومقهى",
          "نوع_المأكولات": "مأكولات شرقية"
        },
        "source_composite_id": "المطاعم_السياحية:4",
        "source_database": "Libya ATLAS Project.gdb",
        "source_feature_id": "4",
        "source_id": "LIBYA_ATLAS_PROJECT_GDB",
        "source_layer": "المطاعم_السياحية",
        "target_layer": "RESTAURANTS",
        "validation_status": "SOURCE_EXTRACTED"
      },
      "type": "Feature"
    },
    {
      "geometry": {
        "coordinates": [
          13.181214176000026,
          32.89436348500004
        ],
        "type": "Point"
      },
      "properties": {
        "authoritative_boundary_claimed": false,
        "authority_status": "UNAPPROVED",
        "canonical_identity_approved": false,
        "governance_role": "NET_NEW_REVIEW_CANDIDATE",
        "is_published": false,
        "is_validated": false,
        "publication_approved": false,
        "review_status": "REVIEW_REQUIRED",
        "source_attributes": {
          "الاسم_الانجليزي_للمرفق": "Restaurants  Fast food",
          "الاسم_العربي_للمرفق": "المقهى التجاري الكبير",
          "البريد_الالكتروني": "غير متوفر",
          "البريد_المصور": "002189",
          "المحافظة": "طرابلس",
          "المحلة": "شارع امحمد المقريف",
          "المدينة": "طرابلس",
          "الملحقات": "غير متوفر",
          "الهواتف": "2189",
          "عدد_الطاولات": 1,
          "عدد_الكراسي": 1,
          "فئة_التصنيف": 1106,
          "ملاحظات": "مطعم ومقهى",
          "نوع_المأكولات": "تأسس منذ 1923، وجبات سريعة"
        },
        "source_composite_id": "المطاعم_السياحية:5",
        "source_database": "Libya ATLAS Project.gdb",
        "source_feature_id": "5",
        "source_id": "LIBYA_ATLAS_PROJECT_GDB",
        "source_layer": "المطاعم_السياحية",
        "target_layer": "RESTAURANTS",
        "validation_status": "SOURCE_EXTRACTED"
      },
      "type": "Feature"
    },
    {
      "geometry": {
        "coordinates": [
          13.182920248000073,
          32.892059173000064
        ],
        "type": "Point"
      },
      "properties": {
        "authoritative_boundary_claimed": false,
        "authority_status": "UNAPPROVED",
        "canonical_identity_approved": false,
        "governance_role": "NET_NEW_REVIEW_CANDIDATE",
        "is_published": false,
        "is_validated": false,
        "publication_approved": false,
        "review_status": "REVIEW_REQUIRED",
        "source_attributes": {
          "الاسم_الانجليزي_للمرفق": "Restaurants",
          "الاسم_العربي_للمرفق": "مطعم جالكسي",
          "البريد_الالكتروني": "غير متوفر",
          "البريد_المصور": "002189",
          "المحافظة": "طرابلس",
          "المحلة": "شارع الاستقلال",
          "المدينة": "طرابلس",
          "الملحقات": "غير متوفر",
          "الهواتف": "2189",
          "عدد_الطاولات": 1,
          "عدد_الكراسي": 1,
          "فئة_التصنيف": 1106,
          "ملاحظات": "مطعم ومقهى",
          "نوع_المأكولات": "وجبات متنوعة"
        },
        "source_composite_id": "المطاعم_السياحية:6",
        "source_database": "Libya ATLAS Project.gdb",
        "source_feature_id": "6",
        "source_id": "LIBYA_ATLAS_PROJECT_GDB",
        "source_layer": "المطاعم_السياحية",
        "target_layer": "RESTAURANTS",
        "validation_status": "SOURCE_EXTRACTED"
      },
      "type": "Feature"
    },
    {
      "geometry": {
        "coordinates": [
          13.182581628000037,
          32.89247136400007
        ],
        "type": "Point"
      },
      "properties": {
        "authoritative_boundary_claimed": false,
        "authority_status": "UNAPPROVED",
        "canonical_identity_approved": false,
        "governance_role": "NET_NEW_REVIEW_CANDIDATE",
        "is_published": false,
        "is_validated": false,
        "publication_approved": false,
        "review_status": "REVIEW_REQUIRED",
        "source_attributes": {
          "الاسم_الانجليزي_للمرفق": "Restaurants  Fast food",
          "الاسم_العربي_للمرفق": "بيتسا لمياء",
          "البريد_الالكتروني": "غير متوفر",
          "البريد_المصور": "002189",
          "المحافظة": "طرابلس",
          "المحلة": "شارع الاستقلال",
          "المدينة": "طرابلس",
          "الملحقات": "غير متوفر",
          "الهواتف": "2189",
          "عدد_الطاولات": 1,
          "عدد_الكراسي": 1,
          "فئة_التصنيف": 1106,
          "ملاحظات": "مطعم ",
          "نوع_المأكولات": "البيتسا"
        },
        "source_composite_id": "المطاعم_السياحية:7",
        "source_database": "Libya ATLAS Project.gdb",
        "source_feature_id": "7",
        "source_id": "LIBYA_ATLAS_PROJECT_GDB",
        "source_layer": "المطاعم_السياحية",
        "target_layer": "RESTAURANTS",
        "validation_status": "SOURCE_EXTRACTED"
      },
      "type": "Feature"
    },
    {
      "geometry": {
        "coordinates": [
          13.182834076000063,
          32.891420854000046
        ],
        "type": "Point"
      },
      "properties": {
        "authoritative_boundary_claimed": false,
        "authority_status": "UNAPPROVED",
        "canonical_identity_approved": false,
        "governance_role": "NET_NEW_REVIEW_CANDIDATE",
        "is_published": false,
        "is_validated": false,
        "publication_approved": false,
        "review_status": "REVIEW_REQUIRED",
        "source_attributes": {
          "الاسم_الانجليزي_للمرفق": "Restaurants",
          "الاسم_العربي_للمرفق": "الفرات",
          "البريد_الالكتروني": "غير متوفر",
          "البريد_المصور": "002189",
          "المحافظة": "طرابلس",
          "المحلة": "شارع الاستقلال",
          "المدينة": "طرابلس",
          "الملحقات": "غير متوفر",
          "الهواتف": "2189",
          "عدد_الطاولات": 1,
          "عدد_الكراسي": 1,
          "فئة_التصنيف": 1106,
          "ملاحظات": "مطعم ",
          "نوع_المأكولات": "مأكولات شرقية"
        },
        "source_composite_id": "المطاعم_السياحية:8",
        "source_database": "Libya ATLAS Project.gdb",
        "source_feature_id": "8",
        "source_id": "LIBYA_ATLAS_PROJECT_GDB",
        "source_layer": "المطاعم_السياحية",
        "target_layer": "RESTAURANTS",
        "validation_status": "SOURCE_EXTRACTED"
      },
      "type": "Feature"
    },
    {
      "geometry": {
        "coordinates": [
          13.181871494000063,
          32.89104635500007
        ],
        "type": "Point"
      },
      "properties": {
        "authoritative_boundary_claimed": false,
        "authority_status": "UNAPPROVED",
        "canonical_identity_approved": false,
        "governance_role": "NET_NEW_REVIEW_CANDIDATE",
        "is_published": false,
        "is_validated": false,
        "publication_approved": false,
        "review_status": "REVIEW_REQUIRED",
        "source_attributes": {
          "الاسم_الانجليزي_للمرفق": "Restaurants  Fast food",
          "الاسم_العربي_للمرفق": "المهلهل",
          "البريد_الالكتروني": "غير متوفر",
          "البريد_المصور": "002189",
          "المحافظة": "طرابلس",
          "المحلة": "شارع ميزران",
          "المدينة": "طرابلس",
          "الملحقات": "غير متوفر",
          "الهواتف": "2189",
          "عدد_الطاولات": 1,
          "عدد_الكراسي": 1,
          "فئة_التصنيف": 1106,
          "ملاحظات": "مطعم ومقهى",
          "نوع_المأكولات": "حلويات ووجبات متنوعة"
        },
        "source_composite_id": "المطاعم_السياحية:9",
        "source_database": "Libya ATLAS Project.gdb",
        "source_feature_id": "9",
        "source_id": "LIBYA_ATLAS_PROJECT_GDB",
        "source_layer": "المطاعم_السياحية",
        "target_layer": "RESTAURANTS",
        "validation_status": "SOURCE_EXTRACTED"
      },
      "type": "Feature"
    },
    {
      "geometry": {
        "coordinates": [
          13.179968011000028,
          32.89051210800005
        ],
        "type": "Point"
      },
      "properties": {
        "authoritative_boundary_claimed": false,
        "authority_status": "UNAPPROVED",
        "canonical_identity_approved": false,
        "governance_role": "NET_NEW_REVIEW_CANDIDATE",
        "is_published": false,
        "is_validated": false,
        "publication_approved": false,
        "review_status": "REVIEW_REQUIRED",
        "source_attributes": {
          "الاسم_الانجليزي_للمرفق": "Restaurants",
          "الاسم_العربي_للمرفق": "أبو العز",
          "البريد_الالكتروني": "غير متوفر",
          "البريد_المصور": "002189",
          "المحافظة": "طرابلس",
          "المحلة": "شارع الوادي",
          "المدينة": "طرابلس",
          "الملحقات": "غير متوفر",
          "الهواتف": "2189",
          "عدد_الطاولات": 1,
          "عدد_الكراسي": 1,
          "فئة_التصنيف": 1106,
          "ملاحظات": "مطعم ",
          "نوع_المأكولات": "وجبات متنوعة"
        },
        "source_composite_id": "المطاعم_السياحية:10",
        "source_database": "Libya ATLAS Project.gdb",
        "source_feature_id": "10",
        "source_id": "LIBYA_ATLAS_PROJECT_GDB",
        "source_layer": "المطاعم_السياحية",
        "target_layer": "RESTAURANTS",
        "validation_status": "SOURCE_EXTRACTED"
      },
      "type": "Feature"
    },
    {
      "geometry": {
        "coordinates": [
          13.164399143000026,
          32.88574040700007
        ],
        "type": "Point"
      },
      "properties": {
        "authoritative_boundary_claimed": false,
        "authority_status": "UNAPPROVED",
        "canonical_identity_approved": false,
        "governance_role": "NET_NEW_REVIEW_CANDIDATE",
        "is_published": false,
        "is_validated": false,
        "publication_approved": false,
        "review_status": "REVIEW_REQUIRED",
        "source_attributes": {
          "الاسم_الانجليزي_للمرفق": "Restaurants",
          "الاسم_العربي_للمرفق": "مطعم الفيروز",
          "البريد_الالكتروني": "غير متوفر",
          "البريد_المصور": "002189",
          "المحافظة": "طرابلس",
          "المحلة": "شارع عمر المختار",
          "المدينة": "طرابلس",
          "الملحقات": "غير متوفر",
          "الهواتف": "2189",
          "عدد_الطاولات": 1,
          "عدد_الكراسي": 1,
          "فئة_التصنيف": 1106,
          "ملاحظات": "مطعم سياحي",
          "نوع_المأكولات": "وجبات لبنانية متنوعة"
        },
        "source_composite_id": "المطاعم_السياحية:11",
        "source_database": "Libya ATLAS Project.gdb",
        "source_feature_id": "11",
        "source_id": "LIBYA_ATLAS_PROJECT_GDB",
        "source_layer": "المطاعم_السياحية",
        "target_layer": "RESTAURANTS",
        "validation_status": "SOURCE_EXTRACTED"
      },
      "type": "Feature"
    },
    {
      "geometry": {
        "coordinates": [
          13.166335257000071,
          32.88679810200006
        ],
        "type": "Point"
      },
      "properties": {
        "authoritative_boundary_claimed": false,
        "authority_status": "UNAPPROVED",
        "canonical_identity_approved": false,
        "governance_role": "NET_NEW_REVIEW_CANDIDATE",
        "is_published": false,
        "is_validated": false,
        "publication_approved": false,
        "review_status": "REVIEW_REQUIRED",
        "source_attributes": {
          "الاسم_الانجليزي_للمرفق": "Restaurants",
          "الاسم_العربي_للمرفق": "البرمة",
          "البريد_الالكتروني": "غير متوفر",
          "البريد_المصور": "002189",
          "المحافظة": "طرابلس",
          "المحلة": "شارع عمر المختار",
          "المدينة": "طرابلس",
          "الملحقات": "غير متوفر",
          "الهواتف": "2189",
          "عدد_الطاولات": 1,
          "عدد_الكراسي": 1,
          "فئة_التصنيف": 1106,
          "ملاحظات": "مطعم سياحي",
          "نوع_المأكولات": "وجبات شعبية متنوعة"
        },
        "source_composite_id": "المطاعم_السياحية:12",
        "source_database": "Libya ATLAS Project.gdb",
        "source_feature_id": "12",
        "source_id": "LIBYA_ATLAS_PROJECT_GDB",
        "source_layer": "المطاعم_السياحية",
        "target_layer": "RESTAURANTS",
        "validation_status": "SOURCE_EXTRACTED"
      },
      "type": "Feature"
    },
    {
      "geometry": {
        "coordinates": [
          13.166188030000058,
          32.886723833000076
        ],
        "type": "Point"
      },
      "properties": {
        "authoritative_boundary_claimed": false,
        "authority_status": "UNAPPROVED",
        "canonical_identity_approved": false,
        "governance_role": "NET_NEW_REVIEW_CANDIDATE",
        "is_published": false,
        "is_validated": false,
        "publication_approved": false,
        "review_status": "REVIEW_REQUIRED",
        "source_attributes": {
          "الاسم_الانجليزي_للمرفق": "Restaurants",
          "الاسم_العربي_للمرفق": "فيلادلفيا",
          "البريد_الالكتروني": "غير متوفر",
          "البريد_المصور": "002189",
          "المحافظة": "طرابلس",
          "المحلة": "شارع عمر المختار",
          "المدينة": "طرابلس",
          "الملحقات": "غير متوفر",
          "الهواتف": "2189",
          "عدد_الطاولات": 1,
          "عدد_الكراسي": 1,
          "فئة_التصنيف": 1106,
          "ملاحظات": "مطعم ",
          "نوع_المأكولات": "وجبات متنوعة"
        },
        "source_composite_id": "المطاعم_السياحية:13",
        "source_database": "Libya ATLAS Project.gdb",
        "source_feature_id": "13",
        "source_id": "LIBYA_ATLAS_PROJECT_GDB",
        "source_layer": "المطاعم_السياحية",
        "target_layer": "RESTAURANTS",
        "validation_status": "SOURCE_EXTRACTED"
      },
      "type": "Feature"
    },
    {
      "geometry": {
        "coordinates": [
          13.193666483000072,
          32.89001670500005
        ],
        "type": "Point"
      },
      "properties": {
        "authoritative_boundary_claimed": false,
        "authority_status": "UNAPPROVED",
        "canonical_identity_approved": false,
        "governance_role": "NET_NEW_REVIEW_CANDIDATE",
        "is_published": false,
        "is_validated": false,
        "publication_approved": false,
        "review_status": "REVIEW_REQUIRED",
        "source_attributes": {
          "الاسم_الانجليزي_للمرفق": "Restaurants",
          "الاسم_العربي_للمرفق": "مطعم بونا",
          "البريد_الالكتروني": "غير متوفر",
          "البريد_المصور": "002189",
          "المحافظة": "طرابلس",
          "المحلة": "الظهرة",
          "المدينة": "طرابلس",
          "الملحقات": "غير متوفر",
          "الهواتف": "2189",
          "عدد_الطاولات": 1,
          "عدد_الكراسي": 1,
          "فئة_التصنيف": 1106,
          "ملاحظات": "مطعم ومقهى",
          "نوع_المأكولات": "وجبات تركية وبيتسا"
        },
        "source_composite_id": "المطاعم_السياحية:14",
        "source_database": "Libya ATLAS Project.gdb",
        "source_feature_id": "14",
        "source_id": "LIBYA_ATLAS_PROJECT_GDB",
        "source_layer": "المطاعم_السياحية",
        "target_layer": "RESTAURANTS",
        "validation_status": "SOURCE_EXTRACTED"
      },
      "type": "Feature"
    },
    {
      "geometry": {
        "coordinates": [
          13.193623304000027,
          32.887329848000036
        ],
        "type": "Point"
      },
      "properties": {
        "authoritative_boundary_claimed": false,
        "authority_status": "UNAPPROVED",
        "canonical_identity_approved": false,
        "governance_role": "NET_NEW_REVIEW_CANDIDATE",
        "is_published": false,
        "is_validated": false,
        "publication_approved": false,
        "review_status": "REVIEW_REQUIRED",
        "source_attributes": {
          "الاسم_الانجليزي_للمرفق": "Restaurants",
          "الاسم_العربي_للمرفق": "مطعم فيراندا",
          "البريد_الالكتروني": "غير متوفر",
          "البريد_المصور": "002189",
          "المحافظة": "طرابلس",
          "المحلة": "الظهرة",
          "المدينة": "طرابلس",
          "الملحقات": "غير متوفر",
          "الهواتف": "2189",
          "عدد_الطاولات": 1,
          "عدد_الكراسي": 1,
          "فئة_التصنيف": 1106,
          "ملاحظات": "مطعم ومقهى",
          "نوع_المأكولات": "الوجبات المتنوعة والمشاوي"
        },
        "source_composite_id": "المطاعم_السياحية:15",
        "source_database": "Libya ATLAS Project.gdb",
        "source_feature_id": "15",
        "source_id": "LIBYA_ATLAS_PROJECT_GDB",
        "source_layer": "المطاعم_السياحية",
        "target_layer": "RESTAURANTS",
        "validation_status": "SOURCE_EXTRACTED"
      },
      "type": "Feature"
    },
    {
      "geometry": {
        "coordinates": [
          13.19706184100005,
          32.88742710400004
        ],
        "type": "Point"
      },
      "properties": {
        "authoritative_boundary_claimed": false,
        "authority_status": "UNAPPROVED",
        "canonical_identity_approved": false,
        "governance_role": "NET_NEW_REVIEW_CANDIDATE",
        "is_published": false,
        "is_validated": false,
        "publication_approved": false,
        "review_status": "REVIEW_REQUIRED",
        "source_attributes": {
          "الاسم_الانجليزي_للمرفق": "Restaurants",
          "الاسم_العربي_للمرفق": "مطعم أيوان أكسبرس",
          "البريد_الالكتروني": "غير متوفر",
          "البريد_المصور": "002189",
          "المحافظة": "طرابلس",
          "المحلة": "شارع الجمهورية",
          "المدينة": "طرابلس",
          "الملحقات": "غير متوفر",
          "الهواتف": "2189",
          "عدد_الطاولات": 1,
          "عدد_الكراسي": 1,
          "فئة_التصنيف": 1106,
          "ملاحظات": "مطعم ومقهى",
          "نوع_المأكولات": "وجبات شرقية ومشروبات ساخنة"
        },
        "source_composite_id": "المطاعم_السياحية:16",
        "source_database": "Libya ATLAS Project.gdb",
        "source_feature_id": "16",
        "source_id": "LIBYA_ATLAS_PROJECT_GDB",
        "source_layer": "المطاعم_السياحية",
        "target_layer": "RESTAURANTS",
        "validation_status": "SOURCE_EXTRACTED"
      },
      "type": "Feature"
    },
    {
      "geometry": {
        "coordinates": [
          13.196898438000062,
          32.887728078000066
        ],
        "type": "Point"
      },
      "properties": {
        "authoritative_boundary_claimed": false,
        "authority_status": "UNAPPROVED",
        "canonical_identity_approved": false,
        "governance_role": "NET_NEW_REVIEW_CANDIDATE",
        "is_published": false,
        "is_validated": false,
        "publication_approved": false,
        "review_status": "REVIEW_REQUIRED",
        "source_attributes": {
          "الاسم_الانجليزي_للمرفق": "Philadelphia Fast food",
          "الاسم_العربي_للمرفق": "مطعم فيلادلفيا",
          "البريد_الالكتروني": "غير متوفر",
          "البريد_المصور": "002189",
          "المحافظة": "طرابلس",
          "المحلة": "شارع الجمهورية",
          "المدينة": "طرابلس",
          "الملحقات": "غير متوفر",
          "الهواتف": "2189",
          "عدد_الطاولات": 1,
          "عدد_الكراسي": 1,
          "فئة_التصنيف": 1106,
          "ملاحظات": "مطعم ومقهى",
          "نوع_المأكولات": "الوجبات السريعة"
        },
        "source_composite_id": "المطاعم_السياحية:17",
        "source_database": "Libya ATLAS Project.gdb",
        "source_feature_id": "17",
        "source_id": "LIBYA_ATLAS_PROJECT_GDB",
        "source_layer": "المطاعم_السياحية",
        "target_layer": "RESTAURANTS",
        "validation_status": "SOURCE_EXTRACTED"
      },
      "type": "Feature"
    },
    {
      "geometry": {
        "coordinates": [
          13.17757451600005,
          32.898671309000065
        ],
        "type": "Point"
      },
      "properties": {
        "authoritative_boundary_claimed": false,
        "authority_status": "UNAPPROVED",
        "canonical_identity_approved": false,
        "governance_role": "NET_NEW_REVIEW_CANDIDATE",
        "is_published": false,
        "is_validated": false,
        "publication_approved": false,
        "review_status": "REVIEW_REQUIRED",
        "source_attributes": {
          "الاسم_الانجليزي_للمرفق": "Tripolis Restaurant Sea Food",
          "الاسم_العربي_للمرفق": "مطعم تريبولس",
          "البريد_الالكتروني": "غير متوفر",
          "البريد_المصور": "002189",
          "المحافظة": "طرابلس",
          "المحلة": "المدينة القديمة",
          "المدينة": "طرابلس",
          "الملحقات": "غير متوفر",
          "الهواتف": "2189",
          "عدد_الطاولات": 1,
          "عدد_الكراسي": 1,
          "فئة_التصنيف": 1106,
          "ملاحظات": "مطعم سياحي",
          "نوع_المأكولات": "المأكولات البحرية"
        },
        "source_composite_id": "المطاعم_السياحية:18",
        "source_database": "Libya ATLAS Project.gdb",
        "source_feature_id": "18",
        "source_id": "LIBYA_ATLAS_PROJECT_GDB",
        "source_layer": "المطاعم_السياحية",
        "target_layer": "RESTAURANTS",
        "validation_status": "SOURCE_EXTRACTED"
      },
      "type": "Feature"
    },
    {
      "geometry": {
        "coordinates": [
          13.175735300000042,
          32.899947206000036
        ],
        "type": "Point"
      },
      "properties": {
        "authoritative_boundary_claimed": false,
        "authority_status": "UNAPPROVED",
        "canonical_identity_approved": false,
        "governance_role": "NET_NEW_REVIEW_CANDIDATE",
        "is_published": false,
        "is_validated": false,
        "publication_approved": false,
        "review_status": "REVIEW_REQUIRED",
        "source_attributes": {
          "الاسم_الانجليزي_للمرفق": "Abiya Restaurant Sea Food",
          "الاسم_العربي_للمرفق": "مطعم عبية",
          "البريد_الالكتروني": "غير متوفر",
          "البريد_المصور": "002189",
          "المحافظة": "طرابلس",
          "المحلة": "المدينة القديمة",
          "المدينة": "طرابلس",
          "الملحقات": "غير متوفر",
          "الهواتف": "925010736",
          "عدد_الطاولات": 1,
          "عدد_الكراسي": 1,
          "فئة_التصنيف": 1106,
          "ملاحظات": "مطعم سياحي",
          "نوع_المأكولات": "المأكولات البحرية والشعبية"
        },
        "source_composite_id": "المطاعم_السياحية:19",
        "source_database": "Libya ATLAS Project.gdb",
        "source_feature_id": "19",
        "source_id": "LIBYA_ATLAS_PROJECT_GDB",
        "source_layer": "المطاعم_السياحية",
        "target_layer": "RESTAURANTS",
        "validation_status": "SOURCE_EXTRACTED"
      },
      "type": "Feature"
    },
    {
      "geometry": {
        "coordinates": [
          13.184182020000037,
          32.89291729200005
        ],
        "type": "Point"
      },
      "properties": {
        "authoritative_boundary_claimed": false,
        "authority_status": "UNAPPROVED",
        "canonical_identity_approved": false,
        "governance_role": "NET_NEW_REVIEW_CANDIDATE",
        "is_published": false,
        "is_validated": false,
        "publication_approved": false,
        "review_status": "REVIEW_REQUIRED",
        "source_attributes": {
          "الاسم_الانجليزي_للمرفق": "Restaurants  Fast food",
          "الاسم_العربي_للمرفق": "مطعم مأكولات بحرية",
          "البريد_الالكتروني": "غير متوفر",
          "البريد_المصور": "21891",
          "المحافظة": "طرابلس",
          "المحلة": "شارع امحمد المقريف",
          "المدينة": "طرابلس",
          "الملحقات": "غير متوفر",
          "الهواتف": "2189",
          "عدد_الطاولات": 1,
          "عدد_الكراسي": 1,
          "فئة_التصنيف": 1106,
          "ملاحظات": "مطعم سياحي",
          "نوع_المأكولات": "المأكولات البحرية والشعبية"
        },
        "source_composite_id": "المطاعم_السياحية:20",
        "source_database": "Libya ATLAS Project.gdb",
        "source_feature_id": "20",
        "source_id": "LIBYA_ATLAS_PROJECT_GDB",
        "source_layer": "المطاعم_السياحية",
        "target_layer": "RESTAURANTS",
        "validation_status": "SOURCE_EXTRACTED"
      },
      "type": "Feature"
    },
    {
      "geometry": {
        "coordinates": [
          13.181272446000037,
          32.894326136000075
        ],
        "type": "Point"
      },
      "properties": {
        "authoritative_boundary_claimed": false,
        "authority_status": "UNAPPROVED",
        "canonical_identity_approved": false,
        "governance_role": "NET_NEW_REVIEW_CANDIDATE",
        "is_published": false,
        "is_validated": false,
        "publication_approved": false,
        "review_status": "REVIEW_REQUIRED",
        "source_attributes": {
          "الاسم_الانجليزي_للمرفق": "Commercial Chicken",
          "الاسم_العربي_للمرفق": "كوميرشل كنتاكي",
          "البريد_الالكتروني": "غير متوفر",
          "البريد_المصور": "2189",
          "المحافظة": "طرابلس",
          "المحلة": "شارع امحمد المقريف",
          "المدينة": "طرابلس",
          "الملحقات": "غير متوفر",
          "الهواتف": "218",
          "عدد_الطاولات": 1,
          "عدد_الكراسي": 1,
          "فئة_التصنيف": 1106,
          "ملاحظات": "مطعم سياحي",
          "نوع_المأكولات": "وجبات سريعة"
        },
        "source_composite_id": "المطاعم_السياحية:21",
        "source_database": "Libya ATLAS Project.gdb",
        "source_feature_id": "21",
        "source_id": "LIBYA_ATLAS_PROJECT_GDB",
        "source_layer": "المطاعم_السياحية",
        "target_layer": "RESTAURANTS",
        "validation_status": "SOURCE_EXTRACTED"
      },
      "type": "Feature"
    },
    {
      "geometry": {
        "coordinates": [
          21.869446400000072,
          32.809488900000076
        ],
        "type": "Point"
      },
      "properties": {
        "authoritative_boundary_claimed": false,
        "authority_status": "UNAPPROVED",
        "canonical_identity_approved": false,
        "governance_role": "NET_NEW_REVIEW_CANDIDATE",
        "is_published": false,
        "is_validated": false,
        "publication_approved": false,
        "review_status": "REVIEW_REQUIRED",
        "source_attributes": {
          "amenity": "restaurant",
          "ar_name": "مطعم",
          "x": 21.8694464,
          "y": 32.8094889
        },
        "source_composite_id": "مطاعم:1",
        "source_database": "Libya ATLAS Project.gdb",
        "source_feature_id": "1",
        "source_id": "LIBYA_ATLAS_PROJECT_GDB",
        "source_layer": "مطاعم",
        "target_layer": "RESTAURANTS",
        "validation_status": "SOURCE_EXTRACTED"
      },
      "type": "Feature"
    },
    {
      "geometry": {
        "coordinates": [
          21.869062300000053,
          32.82218690000008
        ],
        "type": "Point"
      },
      "properties": {
        "authoritative_boundary_claimed": false,
        "authority_status": "UNAPPROVED",
        "canonical_identity_approved": false,
        "governance_role": "NET_NEW_REVIEW_CANDIDATE",
        "is_published": false,
        "is_validated": false,
        "publication_approved": false,
        "review_status": "REVIEW_REQUIRED",
        "source_attributes": {
          "amenity": "restaurant",
          "ar_name": "مطعم",
          "x": 21.8690623,
          "y": 32.8221869
        },
        "source_composite_id": "مطاعم:2",
        "source_database": "Libya ATLAS Project.gdb",
        "source_feature_id": "2",
        "source_id": "LIBYA_ATLAS_PROJECT_GDB",
        "source_layer": "مطاعم",
        "target_layer": "RESTAURANTS",
        "validation_status": "SOURCE_EXTRACTED"
      },
      "type": "Feature"
    },
    {
      "geometry": {
        "coordinates": [
          21.869916200000034,
          32.82796500000006
        ],
        "type": "Point"
      },
      "properties": {
        "authoritative_boundary_claimed": false,
        "authority_status": "UNAPPROVED",
        "canonical_identity_approved": false,
        "governance_role": "NET_NEW_REVIEW_CANDIDATE",
        "is_published": false,
        "is_validated": false,
        "publication_approved": false,
        "review_status": "REVIEW_REQUIRED",
        "source_attributes": {
          "amenity": "restaurant",
          "ar_name": "مطعم",
          "x": 21.8699162,
          "y": 32.827965
        },
        "source_composite_id": "مطاعم:3",
        "source_database": "Libya ATLAS Project.gdb",
        "source_feature_id": "3",
        "source_id": "LIBYA_ATLAS_PROJECT_GDB",
        "source_layer": "مطاعم",
        "target_layer": "RESTAURANTS",
        "validation_status": "SOURCE_EXTRACTED"
      },
      "type": "Feature"
    },
    {
      "geometry": {
        "coordinates": [
          21.86586120000004,
          32.81719360000005
        ],
        "type": "Point"
      },
      "properties": {
        "authoritative_boundary_claimed": false,
        "authority_status": "UNAPPROVED",
        "canonical_identity_approved": false,
        "governance_role": "NET_NEW_REVIEW_CANDIDATE",
        "is_published": false,
        "is_validated": false,
        "publication_approved": false,
        "review_status": "REVIEW_REQUIRED",
        "source_attributes": {
          "amenity": "restaurant",
          "ar_name": "مطعم",
          "x": 21.8658612,
          "y": 32.8171936
        },
        "source_composite_id": "مطاعم:4",
        "source_database": "Libya ATLAS Project.gdb",
        "source_feature_id": "4",
        "source_id": "LIBYA_ATLAS_PROJECT_GDB",
        "source_layer": "مطاعم",
        "target_layer": "RESTAURANTS",
        "validation_status": "SOURCE_EXTRACTED"
      },
      "type": "Feature"
    },
    {
      "geometry": {
        "coordinates": [
          21.89458730000007,
          32.80186370000007
        ],
        "type": "Point"
      },
      "properties": {
        "authoritative_boundary_claimed": false,
        "authority_status": "UNAPPROVED",
        "canonical_identity_approved": false,
        "governance_role": "NET_NEW_REVIEW_CANDIDATE",
        "is_published": false,
        "is_validated": false,
        "publication_approved": false,
        "review_status": "REVIEW_REQUIRED",
        "source_attributes": {
          "amenity": "rest_area",
          "ar_name": "استراحة",
          "x": 21.8945873,
          "y": 32.8018637
        },
        "source_composite_id": "مطاعم:5",
        "source_database": "Libya ATLAS Project.gdb",
        "source_feature_id": "5",
        "source_id": "LIBYA_ATLAS_PROJECT_GDB",
        "source_layer": "مطاعم",
        "target_layer": "RESTAURANTS",
        "validation_status": "SOURCE_EXTRACTED"
      },
      "type": "Feature"
    },
    {
      "geometry": {
        "coordinates": [
          21.78581820100004,
          32.775495000000035
        ],
        "type": "Point"
      },
      "properties": {
        "authoritative_boundary_claimed": false,
        "authority_status": "UNAPPROVED",
        "canonical_identity_approved": false,
        "governance_role": "NET_NEW_REVIEW_CANDIDATE",
        "is_published": false,
        "is_validated": false,
        "publication_approved": false,
        "review_status": "REVIEW_REQUIRED",
        "source_attributes": {
          "amenity": "cafe",
          "ar_name": "مقهى",
          "x": 21.7858182,
          "y": 32.775495
        },
        "source_composite_id": "مطاعم:6",
        "source_database": "Libya ATLAS Project.gdb",
        "source_feature_id": "6",
        "source_id": "LIBYA_ATLAS_PROJECT_GDB",
        "source_layer": "مطاعم",
        "target_layer": "RESTAURANTS",
        "validation_status": "SOURCE_EXTRACTED"
      },
      "type": "Feature"
    },
    {
      "geometry": {
        "coordinates": [
          21.86802300000005,
          32.80981260000004
        ],
        "type": "Point"
      },
      "properties": {
        "authoritative_boundary_claimed": false,
        "authority_status": "UNAPPROVED",
        "canonical_identity_approved": false,
        "governance_role": "NET_NEW_REVIEW_CANDIDATE",
        "is_published": false,
        "is_validated": false,
        "publication_approved": false,
        "review_status": "REVIEW_REQUIRED",
        "source_attributes": {
          "amenity": "drinking_water",
          "ar_name": "مشروبات",
          "x": 21.868023,
          "y": 32.8098126
        },
        "source_composite_id": "مطاعم:7",
        "source_database": "Libya ATLAS Project.gdb",
        "source_feature_id": "7",
        "source_id": "LIBYA_ATLAS_PROJECT_GDB",
        "source_layer": "مطاعم",
        "target_layer": "RESTAURANTS",
        "validation_status": "SOURCE_EXTRACTED"
      },
      "type": "Feature"
    },
    {
      "geometry": {
        "coordinates": [
          21.864719500000035,
          32.81431820000006
        ],
        "type": "Point"
      },
      "properties": {
        "authoritative_boundary_claimed": false,
        "authority_status": "UNAPPROVED",
        "canonical_identity_approved": false,
        "governance_role": "NET_NEW_REVIEW_CANDIDATE",
        "is_published": false,
        "is_validated": false,
        "publication_approved": false,
        "review_status": "REVIEW_REQUIRED",
        "source_attributes": {
          "amenity": "cafe",
          "ar_name": "مقهى",
          "x": 21.8647195,
          "y": 32.8143182
        },
        "source_composite_id": "مطاعم:8",
        "source_database": "Libya ATLAS Project.gdb",
        "source_feature_id": "8",
        "source_id": "LIBYA_ATLAS_PROJECT_GDB",
        "source_layer": "مطاعم",
        "target_layer": "RESTAURANTS",
        "validation_status": "SOURCE_EXTRACTED"
      },
      "type": "Feature"
    },
    {
      "geometry": {
        "coordinates": [
          21.87685790000006,
          32.79611500000004
        ],
        "type": "Point"
      },
      "properties": {
        "authoritative_boundary_claimed": false,
        "authority_status": "UNAPPROVED",
        "canonical_identity_approved": false,
        "governance_role": "NET_NEW_REVIEW_CANDIDATE",
        "is_published": false,
        "is_validated": false,
        "publication_approved": false,
        "review_status": "REVIEW_REQUIRED",
        "source_attributes": {
          "amenity": "restaurant",
          "ar_name": "مطعم",
          "x": 21.8768579,
          "y": 32.796115
        },
        "source_composite_id": "مطاعم:9",
        "source_database": "Libya ATLAS Project.gdb",
        "source_feature_id": "9",
        "source_id": "LIBYA_ATLAS_PROJECT_GDB",
        "source_layer": "مطاعم",
        "target_layer": "RESTAURANTS",
        "validation_status": "SOURCE_EXTRACTED"
      },
      "type": "Feature"
    },
    {
      "geometry": {
        "coordinates": [
          21.795402500000023,
          32.77682420000008
        ],
        "type": "Point"
      },
      "properties": {
        "authoritative_boundary_claimed": false,
        "authority_status": "UNAPPROVED",
        "canonical_identity_approved": false,
        "governance_role": "NET_NEW_REVIEW_CANDIDATE",
        "is_published": false,
        "is_validated": false,
        "publication_approved": false,
        "review_status": "REVIEW_REQUIRED",
        "source_attributes": {
          "amenity": "fast_food",
          "ar_name": "وجبات سريعة",
          "x": 21.7954025,
          "y": 32.7768242
        },
        "source_composite_id": "مطاعم:10",
        "source_database": "Libya ATLAS Project.gdb",
        "source_feature_id": "10",
        "source_id": "LIBYA_ATLAS_PROJECT_GDB",
        "source_layer": "مطاعم",
        "target_layer": "RESTAURANTS",
        "validation_status": "SOURCE_EXTRACTED"
      },
      "type": "Feature"
    },
    {
      "geometry": {
        "coordinates": [
          21.86806690000003,
          32.79444670000004
        ],
        "type": "Point"
      },
      "properties": {
        "authoritative_boundary_claimed": false,
        "authority_status": "UNAPPROVED",
        "canonical_identity_approved": false,
        "governance_role": "NET_NEW_REVIEW_CANDIDATE",
        "is_published": false,
        "is_validated": false,
        "publication_approved": false,
        "review_status": "REVIEW_REQUIRED",
        "source_attributes": {
          "amenity": "restaurant",
          "ar_name": "مطعم",
          "x": 21.8680669,
          "y": 32.7944467
        },
        "source_composite_id": "مطاعم:11",
        "source_database": "Libya ATLAS Project.gdb",
        "source_feature_id": "11",
        "source_id": "LIBYA_ATLAS_PROJECT_GDB",
        "source_layer": "مطاعم",
        "target_layer": "RESTAURANTS",
        "validation_status": "SOURCE_EXTRACTED"
      },
      "type": "Feature"
    },
    {
      "geometry": {
        "coordinates": [
          21.872047399000053,
          32.80601560000002
        ],
        "type": "Point"
      },
      "properties": {
        "authoritative_boundary_claimed": false,
        "authority_status": "UNAPPROVED",
        "canonical_identity_approved": false,
        "governance_role": "NET_NEW_REVIEW_CANDIDATE",
        "is_published": false,
        "is_validated": false,
        "publication_approved": false,
        "review_status": "REVIEW_REQUIRED",
        "source_attributes": {
          "amenity": "fast_food",
          "ar_name": "وجبات سريعة",
          "x": 21.8720474,
          "y": 32.8060156
        },
        "source_composite_id": "مطاعم:12",
        "source_database": "Libya ATLAS Project.gdb",
        "source_feature_id": "12",
        "source_id": "LIBYA_ATLAS_PROJECT_GDB",
        "source_layer": "مطاعم",
        "target_layer": "RESTAURANTS",
        "validation_status": "SOURCE_EXTRACTED"
      },
      "type": "Feature"
    },
    {
      "geometry": {
        "coordinates": [
          21.86226890000006,
          32.81309720000007
        ],
        "type": "Point"
      },
      "properties": {
        "authoritative_boundary_claimed": false,
        "authority_status": "UNAPPROVED",
        "canonical_identity_approved": false,
        "governance_role": "NET_NEW_REVIEW_CANDIDATE",
        "is_published": false,
        "is_validated": false,
        "publication_approved": false,
        "review_status": "REVIEW_REQUIRED",
        "source_attributes": {
          "amenity": "restaurant",
          "ar_name": "مطعم",
          "x": 21.8622689,
          "y": 32.8130972
        },
        "source_composite_id": "مطاعم:13",
        "source_database": "Libya ATLAS Project.gdb",
        "source_feature_id": "13",
        "source_id": "LIBYA_ATLAS_PROJECT_GDB",
        "source_layer": "مطاعم",
        "target_layer": "RESTAURANTS",
        "validation_status": "SOURCE_EXTRACTED"
      },
      "type": "Feature"
    },
    {
      "geometry": {
        "coordinates": [
          21.799159400000065,
          32.77929590000008
        ],
        "type": "Point"
      },
      "properties": {
        "authoritative_boundary_claimed": false,
        "authority_status": "UNAPPROVED",
        "canonical_identity_approved": false,
        "governance_role": "NET_NEW_REVIEW_CANDIDATE",
        "is_published": false,
        "is_validated": false,
        "publication_approved": false,
        "review_status": "REVIEW_REQUIRED",
        "source_attributes": {
          "amenity": "restaurant",
          "ar_name": "مطعم",
          "x": 21.7991594,
          "y": 32.7792959
        },
        "source_composite_id": "مطاعم:14",
        "source_database": "Libya ATLAS Project.gdb",
        "source_feature_id": "14",
        "source_id": "LIBYA_ATLAS_PROJECT_GDB",
        "source_layer": "مطاعم",
        "target_layer": "RESTAURANTS",
        "validation_status": "SOURCE_EXTRACTED"
      },
      "type": "Feature"
    },
    {
      "geometry": {
        "coordinates": [
          13.2116343,
          32.8777699
        ],
        "type": "Point"
      },
      "properties": {
        "authoritative_boundary_claimed": false,
        "authority_status": "UNAPPROVED",
        "canonical_identity_approved": false,
        "governance_role": "LATEST_SUPPLIED_SNAPSHOT",
        "is_published": false,
        "is_validated": false,
        "publication_approved": false,
        "review_status": "REVIEW_REQUIRED",
        "source_attributes": {
          "Name": "مطعم براون للوجبات السريعة‎‎‎",
          "description": "الوصف: <br>المدينة/العنوان: شارع الظل‎<br>الخدمات المتوفرة: <br>الهاتف: 091-0045344<br>facebook: https://www.facebook.com/people/%D9%85%D9%82%D9%87%D9%89-%D8%A8%D8%B1%D8%A7%D9%88%D9%86-%D9%84%D9%84%D9%85%D8%B9%D8%AC%D9%86%D8%A7%D8%AA-%D9%88%D8%A7%D9%84%D8%B3%D9%86%D8%AF%D9%88%D8%AA%D8%B4%D8%A7%D8%AA/61553770680312/#<br>placepageUri: https://www.google.com/earth/rpc/entity?lat=32.8866&lng=13.1858&fid=0x13a892c819c6078b:0x67d2f91f054e6311&hl=ar&gl=ly&client=earth-client&cv=7.3.6.10201&useragent=GoogleEarth/7.3.6.10201(Windows;Microsoft Windows (6.2.9200.0);ar;kml:2.2;client:Pro;type:default)",
          "extended_data": {
            "facebook": "https://www.facebook.com/people/%D9%85%D9%82%D9%87%D9%89-%D8%A8%D8%B1%D8%A7%D9%88%D9%86-%D9%84%D9%84%D9%85%D8%B9%D8%AC%D9%86%D8%A7%D8%AA-%D9%88%D8%A7%D9%84%D8%B3%D9%86%D8%AF%D9%88%D8%AA%D8%B4%D8%A7%D8%AA/61553770680312/#",
            "placepageUri": "https://www.google.com/earth/rpc/entity?lat=32.8866&lng=13.1858&fid=0x13a892c819c6078b:0x67d2f91f054e6311&hl=ar&gl=ly&client=earth-client&cv=7.3.6.10201&useragent=GoogleEarth/7.3.6.10201(Windows;Microsoft Windows (6.2.9200.0);ar;kml:2.2;client:Pro;type:default)",
            "الخدمات المتوفرة": null,
            "المدينة/العنوان": "شارع الظل‎",
            "الهاتف": "091-0045344",
            "الوصف": null
          },
          "kml_context_path": [
            "المطاعم في طرابلس",
            "المطاعم في طرابلس"
          ]
        },
        "source_composite_id": "KML_FC81306FF5:Placemark-1",
        "source_database": "المطاعم في طرابلس.kml",
        "source_feature_id": "Placemark-1",
        "source_filename_registry": "المطاعم في طرابلس(1).kml",
        "source_id": "KML_FC81306FF5",
        "source_layer": "المطاعم في طرابلس(1)",
        "source_subtype": "restaurant_kml",
        "target_layer": "RESTAURANTS",
        "validation_status": "SOURCE_EXTRACTED"
      },
      "type": "Feature"
    },
    {
      "geometry": {
        "coordinates": [
          13.202387,
          32.868285
        ],
        "type": "Point"
      },
      "properties": {
        "authoritative_boundary_claimed": false,
        "authority_status": "UNAPPROVED",
        "canonical_identity_approved": false,
        "governance_role": "LATEST_SUPPLIED_SNAPSHOT",
        "is_published": false,
        "is_validated": false,
        "publication_approved": false,
        "review_status": "REVIEW_REQUIRED",
        "source_attributes": {
          "Name": "مطعم النبراس‎‎",
          "description": "الوصف: <br>المدينة/العنوان: قرب من شارع المدار‎<br>الخدمات المتوفرة: للوجبات الشعبية مع التنوع الخاص بالمطابخ التركية والمغربية والمشاوي و المقبلات والعصائر الطبيعة‎<br>الهاتف: 092-1119290<br>facebook: https://www.facebook.com/alnebras.resturant/?locale=ar_AR<br>placepageUri: https://www.google.com/earth/rpc/entity?lat=32.8866&lng=13.1858&fid=0x13a892df70284e7f:0x603291eb1b1752e6&hl=ar&gl=ly&client=earth-client&cv=7.3.6.10201&useragent=GoogleEarth/7.3.6.10201(Windows;Microsoft Windows (6.2.9200.0);ar;kml:2.2;client:Pro;type:default)",
          "extended_data": {
            "facebook": "https://www.facebook.com/alnebras.resturant/?locale=ar_AR",
            "placepageUri": "https://www.google.com/earth/rpc/entity?lat=32.8866&lng=13.1858&fid=0x13a892df70284e7f:0x603291eb1b1752e6&hl=ar&gl=ly&client=earth-client&cv=7.3.6.10201&useragent=GoogleEarth/7.3.6.10201(Windows;Microsoft Windows (6.2.9200.0);ar;kml:2.2;client:Pro;type:default)",
            "الخدمات المتوفرة": "للوجبات الشعبية مع التنوع الخاص بالمطابخ التركية والمغربية والمشاوي و المقبلات والعصائر الطبيعة‎",
            "المدينة/العنوان": "قرب من شارع المدار‎",
            "الهاتف": "092-1119290",
            "الوصف": null
          },
          "kml_context_path": [
            "المطاعم في طرابلس",
            "المطاعم في طرابلس"
          ]
        },
        "source_composite_id": "KML_FC81306FF5:Placemark-2",
        "source_database": "المطاعم في طرابلس.kml",
        "source_feature_id": "Placemark-2",
        "source_filename_registry": "المطاعم في طرابلس(1).kml",
        "source_id": "KML_FC81306FF5",
        "source_layer": "المطاعم في طرابلس(1)",
        "source_subtype": "restaurant_kml",
        "target_layer": "RESTAURANTS",
        "validation_status": "SOURCE_EXTRACTED"
      },
      "type": "Feature"
    },
    {
      "geometry": {
        "coordinates": [
          13.207352,
          32.880459
        ],
        "type": "Point"
      },
      "properties": {
        "authoritative_boundary_claimed": false,
        "authority_status": "UNAPPROVED",
        "canonical_identity_approved": false,
        "governance_role": "LATEST_SUPPLIED_SNAPSHOT",
        "is_published": false,
        "is_validated": false,
        "publication_approved": false,
        "review_status": "REVIEW_REQUIRED",
        "source_attributes": {
          "Name": "مطعم لارمبلا‎‎",
          "description": "الوصف: <br>المدينة/العنوان: شارع بن عاشور‎<br>الخدمات المتوفرة: <br>الهاتف: 091-2120651<br>facebook: https://www.facebook.com/LaRamblaCaffe/?locale=ar_AR<br>placepageUri: https://www.google.com/earth/rpc/entity?lat=32.8866&lng=13.1858&fid=0x13a892eff3059a05:0x1feab9fbbadd534d&hl=ar&gl=ly&client=earth-client&cv=7.3.6.10201&useragent=GoogleEarth/7.3.6.10201(Windows;Microsoft Windows (6.2.9200.0);ar;kml:2.2;client:Pro;type:default)",
          "extended_data": {
            "facebook": "https://www.facebook.com/LaRamblaCaffe/?locale=ar_AR",
            "placepageUri": "https://www.google.com/earth/rpc/entity?lat=32.8866&lng=13.1858&fid=0x13a892eff3059a05:0x1feab9fbbadd534d&hl=ar&gl=ly&client=earth-client&cv=7.3.6.10201&useragent=GoogleEarth/7.3.6.10201(Windows;Microsoft Windows (6.2.9200.0);ar;kml:2.2;client:Pro;type:default)",
            "الخدمات المتوفرة": null,
            "المدينة/العنوان": "شارع بن عاشور‎",
            "الهاتف": "091-2120651",
            "الوصف": null
          },
          "kml_context_path": [
            "المطاعم في طرابلس",
            "المطاعم في طرابلس"
          ]
        },
        "source_composite_id": "KML_FC81306FF5:Placemark-3",
        "source_database": "المطاعم في طرابلس.kml",
        "source_feature_id": "Placemark-3",
        "source_filename_registry": "المطاعم في طرابلس(1).kml",
        "source_id": "KML_FC81306FF5",
        "source_layer": "المطاعم في طرابلس(1)",
        "source_subtype": "restaurant_kml",
        "target_layer": "RESTAURANTS",
        "validation_status": "SOURCE_EXTRACTED"
      },
      "type": "Feature"
    },
    {
      "geometry": {
        "coordinates": [
          13.12428,
          32.872808
        ],
        "type": "Point"
      },
      "properties": {
        "authoritative_boundary_claimed": false,
        "authority_status": "UNAPPROVED",
        "canonical_identity_approved": false,
        "governance_role": "LATEST_SUPPLIED_SNAPSHOT",
        "is_published": false,
        "is_validated": false,
        "publication_approved": false,
        "review_status": "REVIEW_REQUIRED",
        "source_attributes": {
          "Name": "مطعم فتوش للمأكولات اللبنانية حي الأندلس‎‎",
          "description": "الوصف: <br>المدينة/العنوان: حي الأندلس‎<br>الخدمات المتوفرة: مطعم فتوش يقدم أشهى وألذ المأكولات اللبنانية والشامية, مع تجربة ثقافية تجمع بين عراقة المطبخ الشامي ‎<br>الهاتف: 091-1990800<br>facebook: https://www.facebook.com/fattoush.ly/?locale=ar_AR<br>placepageUri: https://www.google.com/earth/rpc/entity?lat=32.8866&lng=13.1858&fid=0x13a8ed0d654f9593:0xa39ebac59ed66032&hl=ar&gl=ly&client=earth-client&cv=7.3.6.10201&useragent=GoogleEarth/7.3.6.10201(Windows;Microsoft Windows (6.2.9200.0);ar;kml:2.2;client:Pro;type:default)",
          "extended_data": {
            "facebook": "https://www.facebook.com/fattoush.ly/?locale=ar_AR",
            "placepageUri": "https://www.google.com/earth/rpc/entity?lat=32.8866&lng=13.1858&fid=0x13a8ed0d654f9593:0xa39ebac59ed66032&hl=ar&gl=ly&client=earth-client&cv=7.3.6.10201&useragent=GoogleEarth/7.3.6.10201(Windows;Microsoft Windows (6.2.9200.0);ar;kml:2.2;client:Pro;type:default)",
            "الخدمات المتوفرة": "مطعم فتوش يقدم أشهى وألذ المأكولات اللبنانية والشامية, مع تجربة ثقافية تجمع بين عراقة المطبخ الشامي ‎",
            "المدينة/العنوان": "حي الأندلس‎",
            "الهاتف": "091-1990800",
            "الوصف": null
          },
          "kml_context_path": [
            "المطاعم في طرابلس",
            "المطاعم في طرابلس"
          ]
        },
        "source_composite_id": "KML_FC81306FF5:Placemark-4",
        "source_database": "المطاعم في طرابلس.kml",
        "source_feature_id": "Placemark-4",
        "source_filename_registry": "المطاعم في طرابلس(1).kml",
        "source_id": "KML_FC81306FF5",
        "source_layer": "المطاعم في طرابلس(1)",
        "source_subtype": "restaurant_kml",
        "target_layer": "RESTAURANTS",
        "validation_status": "SOURCE_EXTRACTED"
      },
      "type": "Feature"
    },
    {
      "geometry": {
        "coordinates": [
          13.19369,
          32.872239
        ],
        "type": "Point"
      },
      "properties": {
        "authoritative_boundary_claimed": false,
        "authority_status": "UNAPPROVED",
        "canonical_identity_approved": false,
        "governance_role": "LATEST_SUPPLIED_SNAPSHOT",
        "is_published": false,
        "is_validated": false,
        "publication_approved": false,
        "review_status": "REVIEW_REQUIRED",
        "source_attributes": {
          "Name": "مطعم تك أوي‎‎‎",
          "description": "الوصف: Fast food restaurant<br>المدينة/العنوان: طريق السور‎<br>الخدمات المتوفرة: <br>الهاتف: 0919033693<br>facebook: https://www.facebook.com/p/%D9%85%D8%B7%D8%B9%D9%85-%D8%AA%D9%8A%D9%83-%D8%A7%D9%88%D8%A7%D9%8A-Take-Away-Restaurant-100035392702212/<br>placepageUri: https://www.google.com/earth/rpc/entity?lat=32.8866&lng=13.1858&fid=0x13a892df0efd7ecf:0x88babbb93dad4daa&hl=ar&gl=ly&client=earth-client&cv=7.3.6.10201&useragent=GoogleEarth/7.3.6.10201(Windows;Microsoft Windows (6.2.9200.0);ar;kml:2.2;client:Pro;type:default)",
          "extended_data": {
            "facebook": "https://www.facebook.com/p/%D9%85%D8%B7%D8%B9%D9%85-%D8%AA%D9%8A%D9%83-%D8%A7%D9%88%D8%A7%D9%8A-Take-Away-Restaurant-100035392702212/",
            "placepageUri": "https://www.google.com/earth/rpc/entity?lat=32.8866&lng=13.1858&fid=0x13a892df0efd7ecf:0x88babbb93dad4daa&hl=ar&gl=ly&client=earth-client&cv=7.3.6.10201&useragent=GoogleEarth/7.3.6.10201(Windows;Microsoft Windows (6.2.9200.0);ar;kml:2.2;client:Pro;type:default)",
            "الخدمات المتوفرة": null,
            "المدينة/العنوان": "طريق السور‎",
            "الهاتف": "0919033693",
            "الوصف": "Fast food restaurant"
          },
          "kml_context_path": [
            "المطاعم في طرابلس",
            "المطاعم في طرابلس"
          ]
        },
        "source_composite_id": "KML_FC81306FF5:Placemark-5",
        "source_database": "المطاعم في طرابلس.kml",
        "source_feature_id": "Placemark-5",
        "source_filename_registry": "المطاعم في طرابلس(1).kml",
        "source_id": "KML_FC81306FF5",
        "source_layer": "المطاعم في طرابلس(1)",
        "source_subtype": "restaurant_kml",
        "target_layer": "RESTAURANTS",
        "validation_status": "SOURCE_EXTRACTED"
      },
      "type": "Feature"
    },
    {
      "geometry": {
        "coordinates": [
          13.195834,
          32.890244
        ],
        "type": "Point"
      },
      "properties": {
        "authoritative_boundary_claimed": false,
        "authority_status": "UNAPPROVED",
        "canonical_identity_approved": false,
        "governance_role": "LATEST_SUPPLIED_SNAPSHOT",
        "is_published": false,
        "is_validated": false,
        "publication_approved": false,
        "review_status": "REVIEW_REQUIRED",
        "source_attributes": {
          "Name": "مطعم بيت الختيار‎‎‎",
          "description": "الوصف: مطعم وجبات سريعة‏‎<br>المدينة/العنوان: طرابلس تاجراء‎<br>الخدمات المتوفرة: <br>الهاتف: 0919571717<br>facebook: https://www.facebook.com/bitealkhtiarresturant/?locale=ar_AR<br>placepageUri: https://www.google.com/earth/rpc/entity?lat=32.8866&lng=13.1858&fid=0x13a893f55027d3ad:0xa1ef2c7e0867438b&hl=ar&gl=ly&client=earth-client&cv=7.3.6.10201&useragent=GoogleEarth/7.3.6.10201(Windows;Microsoft Windows (6.2.9200.0);ar;kml:2.2;client:Pro;type:default)",
          "extended_data": {
            "facebook": "https://www.facebook.com/bitealkhtiarresturant/?locale=ar_AR",
            "placepageUri": "https://www.google.com/earth/rpc/entity?lat=32.8866&lng=13.1858&fid=0x13a893f55027d3ad:0xa1ef2c7e0867438b&hl=ar&gl=ly&client=earth-client&cv=7.3.6.10201&useragent=GoogleEarth/7.3.6.10201(Windows;Microsoft Windows (6.2.9200.0);ar;kml:2.2;client:Pro;type:default)",
            "الخدمات المتوفرة": null,
            "المدينة/العنوان": "طرابلس تاجراء‎",
            "الهاتف": "0919571717",
            "الوصف": "مطعم وجبات سريعة‏‎"
          },
          "kml_context_path": [
            "المطاعم في طرابلس",
            "المطاعم في طرابلس"
          ]
        },
        "source_composite_id": "KML_FC81306FF5:Placemark-6",
        "source_database": "المطاعم في طرابلس.kml",
        "source_feature_id": "Placemark-6",
        "source_filename_registry": "المطاعم في طرابلس(1).kml",
        "source_id": "KML_FC81306FF5",
        "source_layer": "المطاعم في طرابلس(1)",
        "source_subtype": "restaurant_kml",
        "target_layer": "RESTAURANTS",
        "validation_status": "SOURCE_EXTRACTED"
      },
      "type": "Feature"
    },
    {
      "geometry": {
        "coordinates": [
          13.175679,
          32.900152
        ],
        "type": "Point"
      },
      "properties": {
        "authoritative_boundary_claimed": false,
        "authority_status": "UNAPPROVED",
        "canonical_identity_approved": false,
        "governance_role": "LATEST_SUPPLIED_SNAPSHOT",
        "is_published": false,
        "is_validated": false,
        "publication_approved": false,
        "review_status": "REVIEW_REQUIRED",
        "source_attributes": {
          "Name": "مطعم الأثار‎‎",
          "description": "الوصف: <br>المدينة/العنوان: طرابلس‎<br>الخدمات المتوفرة: <br>الهاتف: 091-2123106<br>facebook: https://www.facebook.com/Athar.Restaurant/<br>placepageUri: https://www.google.com/earth/rpc/entity?lat=32.8866&lng=13.1858&fid=0x13a892b361043001:0x57385baeacb1cdd3&hl=ar&gl=ly&client=earth-client&cv=7.3.6.10201&useragent=GoogleEarth/7.3.6.10201(Windows;Microsoft Windows (6.2.9200.0);ar;kml:2.2;client:Pro;type:default)",
          "extended_data": {
            "facebook": "https://www.facebook.com/Athar.Restaurant/",
            "placepageUri": "https://www.google.com/earth/rpc/entity?lat=32.8866&lng=13.1858&fid=0x13a892b361043001:0x57385baeacb1cdd3&hl=ar&gl=ly&client=earth-client&cv=7.3.6.10201&useragent=GoogleEarth/7.3.6.10201(Windows;Microsoft Windows (6.2.9200.0);ar;kml:2.2;client:Pro;type:default)",
            "الخدمات المتوفرة": null,
            "المدينة/العنوان": "طرابلس‎",
            "الهاتف": "091-2123106",
            "الوصف": null
          },
          "kml_context_path": [
            "المطاعم في طرابلس",
            "المطاعم في طرابلس"
          ]
        },
        "source_composite_id": "KML_FC81306FF5:Placemark-7",
        "source_database": "المطاعم في طرابلس.kml",
        "source_feature_id": "Placemark-7",
        "source_filename_registry": "المطاعم في طرابلس(1).kml",
        "source_id": "KML_FC81306FF5",
        "source_layer": "المطاعم في طرابلس(1)",
        "source_subtype": "restaurant_kml",
        "target_layer": "RESTAURANTS",
        "validation_status": "SOURCE_EXTRACTED"
      },
      "type": "Feature"
    },
    {
      "geometry": {
        "coordinates": [
          13.209478,
          32.886332
        ],
        "type": "Point"
      },
      "properties": {
        "authoritative_boundary_claimed": false,
        "authority_status": "UNAPPROVED",
        "canonical_identity_approved": false,
        "governance_role": "LATEST_SUPPLIED_SNAPSHOT",
        "is_published": false,
        "is_validated": false,
        "publication_approved": false,
        "review_status": "REVIEW_REQUIRED",
        "source_attributes": {
          "Name": "مطعم فور سيزونز‎‎‏‎",
          "description": "الوصف: <br>المدينة/العنوان: طريق المشتل‎‏‎<br>الخدمات المتوفرة: للمأكولات الليبية والعالمية‎‏‎<br>الهاتف: 092-7504444<br>‏‎<br>facebook: https://www.facebook.com/4season.Restaurant.ly/?locale=ar_AR‏‎<br>placepageUri: https://www.google.com/earth/rpc/entity?lat=32.8866&lng=13.1858&fid=0x13a8933ebb2d95a5:0x7f8bcc6fb002cf22&hl=ar&gl=ly&client=earth-client&cv=7.3.6.10201&useragent=GoogleEarth/7.3.6.10201(Windows;Microsoft Windows (6.2.9200.0);ar;kml:2.2;client:Pro;type:default)‏‎",
          "extended_data": {
            "facebook": "https://www.facebook.com/4season.Restaurant.ly/?locale=ar_AR‏‎",
            "placepageUri": "https://www.google.com/earth/rpc/entity?lat=32.8866&lng=13.1858&fid=0x13a8933ebb2d95a5:0x7f8bcc6fb002cf22&hl=ar&gl=ly&client=earth-client&cv=7.3.6.10201&useragent=GoogleEarth/7.3.6.10201(Windows;Microsoft Windows (6.2.9200.0);ar;kml:2.2;client:Pro;type:default)‏‎",
            "الخدمات المتوفرة": "للمأكولات الليبية والعالمية‎‏‎",
            "المدينة/العنوان": "طريق المشتل‎‏‎",
            "الهاتف": "092-7504444\n‏‎",
            "الوصف": null
          },
          "kml_context_path": [
            "المطاعم في طرابلس",
            "المطاعم في طرابلس"
          ]
        },
        "source_composite_id": "KML_FC81306FF5:Placemark-8",
        "source_database": "المطاعم في طرابلس.kml",
        "source_feature_id": "Placemark-8",
        "source_filename_registry": "المطاعم في طرابلس(1).kml",
        "source_id": "KML_FC81306FF5",
        "source_layer": "المطاعم في طرابلس(1)",
        "source_subtype": "restaurant_kml",
        "target_layer": "RESTAURANTS",
        "validation_status": "SOURCE_EXTRACTED"
      },
      "type": "Feature"
    },
    {
      "geometry": {
        "coordinates": [
          13.1784986,
          32.8746942
        ],
        "type": "Point"
      },
      "properties": {
        "authoritative_boundary_claimed": false,
        "authority_status": "UNAPPROVED",
        "canonical_identity_approved": false,
        "governance_role": "LATEST_SUPPLIED_SNAPSHOT",
        "is_published": false,
        "is_validated": false,
        "publication_approved": false,
        "review_status": "REVIEW_REQUIRED",
        "source_attributes": {
          "Name": "مطعم ميلانو للوجبات السريعة‎‎‎",
          "description": "الوصف: طعام سريع‏‎‎<br>المدينة/العنوان: طرابلس طريق السور‎‎<br>الخدمات المتوفرة: <br>الهاتف: 091-1139535<br>facebook: https://www.facebook.com/MilanoFastFood.TripoliCity/<br>placepageUri:",
          "extended_data": {
            "facebook": "https://www.facebook.com/MilanoFastFood.TripoliCity/",
            "placepageUri": null,
            "الخدمات المتوفرة": null,
            "المدينة/العنوان": "طرابلس طريق السور‎‎",
            "الهاتف": "091-1139535",
            "الوصف": "طعام سريع‏‎‎"
          },
          "kml_context_path": [
            "المطاعم في طرابلس",
            "المطاعم في طرابلس"
          ]
        },
        "source_composite_id": "KML_FC81306FF5:Placemark-9",
        "source_database": "المطاعم في طرابلس.kml",
        "source_feature_id": "Placemark-9",
        "source_filename_registry": "المطاعم في طرابلس(1).kml",
        "source_id": "KML_FC81306FF5",
        "source_layer": "المطاعم في طرابلس(1)",
        "source_subtype": "restaurant_kml",
        "target_layer": "RESTAURANTS",
        "validation_status": "SOURCE_EXTRACTED"
      },
      "type": "Feature"
    },
    {
      "geometry": {
        "coordinates": [
          13.1896814,
          32.8830634
        ],
        "type": "Point"
      },
      "properties": {
        "authoritative_boundary_claimed": false,
        "authority_status": "UNAPPROVED",
        "canonical_identity_approved": false,
        "governance_role": "LATEST_SUPPLIED_SNAPSHOT",
        "is_published": false,
        "is_validated": false,
        "publication_approved": false,
        "review_status": "REVIEW_REQUIRED",
        "source_attributes": {
          "Name": "الأخطبوط للمشاوى والوجبات السريعة‎‎‎",
          "description": "الوصف: طعام سريع‏‎‎<br>المدينة/العنوان: شارع الجمهورية ‎‎<br>الخدمات المتوفرة: <br>الهاتف: 091-0970264<br>facebook: https://www.facebook.com/p/%D8%A7%D9%84%D8%A3%D8%AE%D8%B7%D8%A8%D9%88%D8%B7-%D9%84%D9%84%D9%85%D8%B4%D8%A7%D9%88%D9%89-%D9%88%D8%A7%D9%84%D9%88%D8%AC%D8%A8%D8%A7%D8%AA-%D8%A7%D9%84%D8%B3%D8%B1%D9%8A%D8%B9%D8%A9-100057054056295/<br>placepageUri:",
          "extended_data": {
            "facebook": "https://www.facebook.com/p/%D8%A7%D9%84%D8%A3%D8%AE%D8%B7%D8%A8%D9%88%D8%B7-%D9%84%D9%84%D9%85%D8%B4%D8%A7%D9%88%D9%89-%D9%88%D8%A7%D9%84%D9%88%D8%AC%D8%A8%D8%A7%D8%AA-%D8%A7%D9%84%D8%B3%D8%B1%D9%8A%D8%B9%D8%A9-100057054056295/",
            "placepageUri": null,
            "الخدمات المتوفرة": null,
            "المدينة/العنوان": "شارع الجمهورية ‎‎",
            "الهاتف": "091-0970264",
            "الوصف": "طعام سريع‏‎‎"
          },
          "kml_context_path": [
            "المطاعم في طرابلس",
            "المطاعم في طرابلس"
          ]
        },
        "source_composite_id": "KML_FC81306FF5:Placemark-10",
        "source_database": "المطاعم في طرابلس.kml",
        "source_feature_id": "Placemark-10",
        "source_filename_registry": "المطاعم في طرابلس(1).kml",
        "source_id": "KML_FC81306FF5",
        "source_layer": "المطاعم في طرابلس(1)",
        "source_subtype": "restaurant_kml",
        "target_layer": "RESTAURANTS",
        "validation_status": "SOURCE_EXTRACTED"
      },
      "type": "Feature"
    },
    {
      "geometry": {
        "coordinates": [
          13.2032859,
          32.8758394
        ],
        "type": "Point"
      },
      "properties": {
        "authoritative_boundary_claimed": false,
        "authority_status": "UNAPPROVED",
        "canonical_identity_approved": false,
        "governance_role": "LATEST_SUPPLIED_SNAPSHOT",
        "is_published": false,
        "is_validated": false,
        "publication_approved": false,
        "review_status": "REVIEW_REQUIRED",
        "source_attributes": {
          "Name": "دا ميت هاوس‎‎‎‎‎",
          "description": "الوصف: الطعم الحقيقي للمشاوي واللحم المدخّن⊱✧✧✧••‎‎‎‎‎<br>المدينة/العنوان: شارع جعفر بن أبي طالب المتفرع من شارع الجرابة,‎‎‎‎‎<br>الخدمات المتوفرة: <br>الهاتف: 091-5336722<br>facebook: https://www.facebook.com/MEATHOUSE.LY/<br>placepageUri:",
          "extended_data": {
            "facebook": "https://www.facebook.com/MEATHOUSE.LY/",
            "placepageUri": null,
            "الخدمات المتوفرة": null,
            "المدينة/العنوان": "شارع جعفر بن أبي طالب المتفرع من شارع الجرابة,‎‎‎‎‎",
            "الهاتف": "091-5336722",
            "الوصف": "الطعم الحقيقي للمشاوي واللحم المدخّن⊱✧✧✧••‎‎‎‎‎"
          },
          "kml_context_path": [
            "المطاعم في طرابلس",
            "المطاعم في طرابلس"
          ]
        },
        "source_composite_id": "KML_FC81306FF5:Placemark-11",
        "source_database": "المطاعم في طرابلس.kml",
        "source_feature_id": "Placemark-11",
        "source_filename_registry": "المطاعم في طرابلس(1).kml",
        "source_id": "KML_FC81306FF5",
        "source_layer": "المطاعم في طرابلس(1)",
        "source_subtype": "restaurant_kml",
        "target_layer": "RESTAURANTS",
        "validation_status": "SOURCE_EXTRACTED"
      },
      "type": "Feature"
    },
    {
      "geometry": {
        "coordinates": [
          13.1850769,
          32.8826957
        ],
        "type": "Point"
      },
      "properties": {
        "authoritative_boundary_claimed": false,
        "authority_status": "UNAPPROVED",
        "canonical_identity_approved": false,
        "governance_role": "LATEST_SUPPLIED_SNAPSHOT",
        "is_published": false,
        "is_validated": false,
        "publication_approved": false,
        "review_status": "REVIEW_REQUIRED",
        "source_attributes": {
          "Name": "مطعم الزرقاني للمأكولات الشعبية و الشرقية‎",
          "description": "الوصف: للمأكولآت الطرآبلسيّة والشّرقيّة<br>المدينة/العنوان: شارع الزاوية خلف المختبر المرجعي<br>الخدمات المتوفرة: <br>الهاتف: 091-3304800<br>facebook: https://www.facebook.com/ALZURQANI.LY/<br>placepageUri:",
          "extended_data": {
            "facebook": "https://www.facebook.com/ALZURQANI.LY/",
            "placepageUri": null,
            "الخدمات المتوفرة": null,
            "المدينة/العنوان": "شارع الزاوية خلف المختبر المرجعي",
            "الهاتف": "091-3304800",
            "الوصف": "للمأكولآت الطرآبلسيّة والشّرقيّة"
          },
          "kml_context_path": [
            "المطاعم في طرابلس",
            "المطاعم في طرابلس"
          ]
        },
        "source_composite_id": "KML_FC81306FF5:Placemark-12",
        "source_database": "المطاعم في طرابلس.kml",
        "source_feature_id": "Placemark-12",
        "source_filename_registry": "المطاعم في طرابلس(1).kml",
        "source_id": "KML_FC81306FF5",
        "source_layer": "المطاعم في طرابلس(1)",
        "source_subtype": "restaurant_kml",
        "target_layer": "RESTAURANTS",
        "validation_status": "SOURCE_EXTRACTED"
      },
      "type": "Feature"
    },
    {
      "geometry": {
        "coordinates": [
          13.1836263,
          32.8804167
        ],
        "type": "Point"
      },
      "properties": {
        "authoritative_boundary_claimed": false,
        "authority_status": "UNAPPROVED",
        "canonical_identity_approved": false,
        "governance_role": "LATEST_SUPPLIED_SNAPSHOT",
        "is_published": false,
        "is_validated": false,
        "publication_approved": false,
        "review_status": "REVIEW_REQUIRED",
        "source_attributes": {
          "Name": "بيتزا الفورنو شارع الجمهورية‎",
          "description": "الوصف: <br>المدينة/العنوان: طرابلس شارع الجمهورية<br>الخدمات المتوفرة: <br>الهاتف: 091-8806005<br>facebook: https://www.facebook.com/p/%D8%A7%D9%84%D9%81%D9%88%D8%B1%D9%86%D9%88-%D8%A8%D9%8A%D8%AA%D8%B2%D8%A7-El-forno-pizza-100064835462773/<br>placepageUri:",
          "extended_data": {
            "facebook": "https://www.facebook.com/p/%D8%A7%D9%84%D9%81%D9%88%D8%B1%D9%86%D9%88-%D8%A8%D9%8A%D8%AA%D8%B2%D8%A7-El-forno-pizza-100064835462773/",
            "placepageUri": null,
            "الخدمات المتوفرة": null,
            "المدينة/العنوان": "طرابلس شارع الجمهورية",
            "الهاتف": "091-8806005",
            "الوصف": null
          },
          "kml_context_path": [
            "المطاعم في طرابلس",
            "المطاعم في طرابلس"
          ]
        },
        "source_composite_id": "KML_FC81306FF5:Placemark-13",
        "source_database": "المطاعم في طرابلس.kml",
        "source_feature_id": "Placemark-13",
        "source_filename_registry": "المطاعم في طرابلس(1).kml",
        "source_id": "KML_FC81306FF5",
        "source_layer": "المطاعم في طرابلس(1)",
        "source_subtype": "restaurant_kml",
        "target_layer": "RESTAURANTS",
        "validation_status": "SOURCE_EXTRACTED"
      },
      "type": "Feature"
    },
    {
      "geometry": {
        "coordinates": [
          13.1843559,
          32.8928658
        ],
        "type": "Point"
      },
      "properties": {
        "authoritative_boundary_claimed": false,
        "authority_status": "UNAPPROVED",
        "canonical_identity_approved": false,
        "governance_role": "LATEST_SUPPLIED_SNAPSHOT",
        "is_published": false,
        "is_validated": false,
        "publication_approved": false,
        "review_status": "REVIEW_REQUIRED",
        "source_attributes": {
          "Name": "مطعم السفير‎",
          "description": "الوصف: متخصص في الأكل الهندي<br>المدينة/العنوان: شارع البلدية خلف الفندق الكبير<br>الخدمات المتوفرة: <br>الهاتف: 091-6464305<br>facebook: https://www.facebook.com/p/%D9%85%D8%B7%D8%B9%D9%85-%D8%A7%D9%84%D8%B3%D9%81%D9%8A%D8%B1-%D9%84%D9%84%D9%85%D8%A3%D9%83%D9%88%D9%84%D8%A7%D8%AA-%D8%A7%D9%84%D9%87%D9%86%D8%AF%D9%8A%D8%A9-Indian-Restaurant-Taste-Of-India-100064799796078/?locale=ar_AR<br>placepageUri:",
          "extended_data": {
            "facebook": "https://www.facebook.com/p/%D9%85%D8%B7%D8%B9%D9%85-%D8%A7%D9%84%D8%B3%D9%81%D9%8A%D8%B1-%D9%84%D9%84%D9%85%D8%A3%D9%83%D9%88%D9%84%D8%A7%D8%AA-%D8%A7%D9%84%D9%87%D9%86%D8%AF%D9%8A%D8%A9-Indian-Restaurant-Taste-Of-India-100064799796078/?locale=ar_AR",
            "placepageUri": null,
            "الخدمات المتوفرة": null,
            "المدينة/العنوان": "شارع البلدية خلف الفندق الكبير",
            "الهاتف": "091-6464305",
            "الوصف": "متخصص في الأكل الهندي"
          },
          "kml_context_path": [
            "المطاعم في طرابلس",
            "المطاعم في طرابلس"
          ]
        },
        "source_composite_id": "KML_FC81306FF5:Placemark-14",
        "source_database": "المطاعم في طرابلس.kml",
        "source_feature_id": "Placemark-14",
        "source_filename_registry": "المطاعم في طرابلس(1).kml",
        "source_id": "KML_FC81306FF5",
        "source_layer": "المطاعم في طرابلس(1)",
        "source_subtype": "restaurant_kml",
        "target_layer": "RESTAURANTS",
        "validation_status": "SOURCE_EXTRACTED"
      },
      "type": "Feature"
    },
    {
      "geometry": {
        "coordinates": [
          13.209313,
          32.887671
        ],
        "type": "Point"
      },
      "properties": {
        "authoritative_boundary_claimed": false,
        "authority_status": "UNAPPROVED",
        "canonical_identity_approved": false,
        "governance_role": "LATEST_SUPPLIED_SNAPSHOT",
        "is_published": false,
        "is_validated": false,
        "publication_approved": false,
        "review_status": "REVIEW_REQUIRED",
        "source_attributes": {
          "Name": "مطعم لاباديلا‎‎",
          "description": "الوصف: <br>فيسبوك: https://www.facebook.com/La.padella.libya/?locale=ar_AR<br>النوع: متنوع‎<br>الهاتف: 0928479090<br>العنوان: النوفليين‎<br>الخدمات المتوفرة: <br>placepageUri: https://www.google.com/earth/rpc/entity?lat=32.8866&lng=13.1858&fid=0x13a8938e23cce3f3:0x6745a2c366337e12&hl=ar&gl=ly&client=earth-client&cv=7.3.6.10201&useragent=GoogleEarth/7.3.6.10201(Windows;Microsoft Windows (6.2.9200.0);ar;kml:2.2;client:Pro;type:default)",
          "extended_data": {
            "placepageUri": "https://www.google.com/earth/rpc/entity?lat=32.8866&lng=13.1858&fid=0x13a8938e23cce3f3:0x6745a2c366337e12&hl=ar&gl=ly&client=earth-client&cv=7.3.6.10201&useragent=GoogleEarth/7.3.6.10201(Windows;Microsoft Windows (6.2.9200.0);ar;kml:2.2;client:Pro;type:default)",
            "الخدمات المتوفرة": null,
            "العنوان": "النوفليين‎",
            "النوع": "متنوع‎",
            "الهاتف": "0928479090",
            "الوصف": null,
            "فيسبوك": "https://www.facebook.com/La.padella.libya/?locale=ar_AR"
          },
          "kml_context_path": [
            "المطاعم في طرابلس",
            "المطاعم في طرابلس"
          ]
        },
        "source_composite_id": "KML_FC81306FF5:Placemark-15",
        "source_database": "المطاعم في طرابلس.kml",
        "source_feature_id": "Placemark-15",
        "source_filename_registry": "المطاعم في طرابلس(1).kml",
        "source_id": "KML_FC81306FF5",
        "source_layer": "المطاعم في طرابلس(1)",
        "source_subtype": "restaurant_kml",
        "target_layer": "RESTAURANTS",
        "validation_status": "SOURCE_EXTRACTED"
      },
      "type": "Feature"
    },
    {
      "geometry": {
        "coordinates": [
          13.197489,
          32.890678
        ],
        "type": "Point"
      },
      "properties": {
        "authoritative_boundary_claimed": false,
        "authority_status": "UNAPPROVED",
        "canonical_identity_approved": false,
        "governance_role": "LATEST_SUPPLIED_SNAPSHOT",
        "is_published": false,
        "is_validated": false,
        "publication_approved": false,
        "review_status": "REVIEW_REQUIRED",
        "source_attributes": {
          "Name": "الاخطبوط للمشاوي و الوجبات السريعة و فواكه البحر - الظهر‎‎",
          "description": "الوصف: مطعم طعام سريع‏‎<br>فيسبوك: https://www.facebook.com/p/%D8%A7%D9%84%D8%A3%D8%AE%D8%B7%D8%A8%D9%88%D8%B7-%D9%84%D9%84%D9%85%D8%B4%D8%A7%D9%88%D9%89-%D9%88%D8%A7%D9%84%D9%88%D8%AC%D8%A8%D8%A7%D8%AA-%D8%A7%D9%84%D8%B3%D8%B1%D9%8A%D8%B9%D8%A9-100057054056295/<br>النوع: للمشاوي و المأكولات البحرية‎<br>الهاتف: 091-0970264<br>العنوان: شارع الجمهورية‎<br>الخدمات المتوفرة: <br>placepageUri: https://www.google.com/earth/rpc/entity?lat=32.8866&lng=13.1858&fid=0x13a893fbd037ff29:0x9c0075bc4bcc02dd&hl=ar&gl=ly&client=earth-client&cv=7.3.6.10201&useragent=GoogleEarth/7.3.6.10201(Windows;Microsoft Windows (6.2.9200.0);ar;kml:2.2;client:Pro;type:default)",
          "extended_data": {
            "placepageUri": "https://www.google.com/earth/rpc/entity?lat=32.8866&lng=13.1858&fid=0x13a893fbd037ff29:0x9c0075bc4bcc02dd&hl=ar&gl=ly&client=earth-client&cv=7.3.6.10201&useragent=GoogleEarth/7.3.6.10201(Windows;Microsoft Windows (6.2.9200.0);ar;kml:2.2;client:Pro;type:default)",
            "الخدمات المتوفرة": null,
            "العنوان": "شارع الجمهورية‎",
            "النوع": "للمشاوي و المأكولات البحرية‎",
            "الهاتف": "091-0970264",
            "الوصف": "مطعم طعام سريع‏‎",
            "فيسبوك": "https://www.facebook.com/p/%D8%A7%D9%84%D8%A3%D8%AE%D8%B7%D8%A8%D9%88%D8%B7-%D9%84%D9%84%D9%85%D8%B4%D8%A7%D9%88%D9%89-%D9%88%D8%A7%D9%84%D9%88%D8%AC%D8%A8%D8%A7%D8%AA-%D8%A7%D9%84%D8%B3%D8%B1%D9%8A%D8%B9%D8%A9-100057054056295/"
          },
          "kml_context_path": [
            "المطاعم في طرابلس",
            "المطاعم في طرابلس"
          ]
        },
        "source_composite_id": "KML_FC81306FF5:Placemark-16",
        "source_database": "المطاعم في طرابلس.kml",
        "source_feature_id": "Placemark-16",
        "source_filename_registry": "المطاعم في طرابلس(1).kml",
        "source_id": "KML_FC81306FF5",
        "source_layer": "المطاعم في طرابلس(1)",
        "source_subtype": "restaurant_kml",
        "target_layer": "RESTAURANTS",
        "validation_status": "SOURCE_EXTRACTED"
      },
      "type": "Feature"
    },
    {
      "geometry": {
        "coordinates": [
          13.209232,
          32.892975
        ],
        "type": "Point"
      },
      "properties": {
        "authoritative_boundary_claimed": false,
        "authority_status": "UNAPPROVED",
        "canonical_identity_approved": false,
        "governance_role": "LATEST_SUPPLIED_SNAPSHOT",
        "is_published": false,
        "is_validated": false,
        "publication_approved": false,
        "review_status": "REVIEW_REQUIRED",
        "source_attributes": {
          "Name": "الانيا قريل- شواية‎‎",
          "description": "الوصف: <br>فيسبوك: https://www.facebook.com/p/%D8%A7%D9%84%D8%A3%D9%86%D9%8A%D8%A7-%D8%AC%D8%B1%D9%8A%D9%84-Alanya-Grill-Tripoli-100057570604202/<br>النوع: <br>الهاتف: 091-6649090<br>العنوان: طرابلس – النوفليين‎<br>الخدمات المتوفرة: مطعم يقدم أطباق اللحم المشوي‏‎<br>placepageUri: https://www.google.com/earth/rpc/entity?lat=32.8866&lng=13.1858&fid=0x13a8937e51b8cf07:0x4f709e7cd57cd19&hl=ar&gl=ly&client=earth-client&cv=7.3.6.10201&useragent=GoogleEarth/7.3.6.10201(Windows;Microsoft Windows (6.2.9200.0);ar;kml:2.2;client:Pro;type:default)",
          "extended_data": {
            "placepageUri": "https://www.google.com/earth/rpc/entity?lat=32.8866&lng=13.1858&fid=0x13a8937e51b8cf07:0x4f709e7cd57cd19&hl=ar&gl=ly&client=earth-client&cv=7.3.6.10201&useragent=GoogleEarth/7.3.6.10201(Windows;Microsoft Windows (6.2.9200.0);ar;kml:2.2;client:Pro;type:default)",
            "الخدمات المتوفرة": "مطعم يقدم أطباق اللحم المشوي‏‎",
            "العنوان": "طرابلس – النوفليين‎",
            "النوع": null,
            "الهاتف": "091-6649090",
            "الوصف": null,
            "فيسبوك": "https://www.facebook.com/p/%D8%A7%D9%84%D8%A3%D9%86%D9%8A%D8%A7-%D8%AC%D8%B1%D9%8A%D9%84-Alanya-Grill-Tripoli-100057570604202/"
          },
          "kml_context_path": [
            "المطاعم في طرابلس",
            "المطاعم في طرابلس"
          ]
        },
        "source_composite_id": "KML_FC81306FF5:Placemark-17",
        "source_database": "المطاعم في طرابلس.kml",
        "source_feature_id": "Placemark-17",
        "source_filename_registry": "المطاعم في طرابلس(1).kml",
        "source_id": "KML_FC81306FF5",
        "source_layer": "المطاعم في طرابلس(1)",
        "source_subtype": "restaurant_kml",
        "target_layer": "RESTAURANTS",
        "validation_status": "SOURCE_EXTRACTED"
      },
      "type": "Feature"
    },
    {
      "geometry": {
        "coordinates": [
          13.203065,
          32.894209
        ],
        "type": "Point"
      },
      "properties": {
        "authoritative_boundary_claimed": false,
        "authority_status": "UNAPPROVED",
        "canonical_identity_approved": false,
        "governance_role": "LATEST_SUPPLIED_SNAPSHOT",
        "is_published": false,
        "is_validated": false,
        "publication_approved": false,
        "review_status": "REVIEW_REQUIRED",
        "source_attributes": {
          "Name": "مذاق بكستاني - مطعم‎‎",
          "description": "الوصف: <br>فيسبوك: https://www.facebook.com/almadaaqpk/?locale=ar_AR<br>النوع: <br>الهاتف: 0918002803 ‏‎<br>العنوان: زاوية الدهماني‎<br>الخدمات المتوفرة: مطعم باكستاني اصيل في ليبيا ، يقدم أفضل طعم للمأكولات الباكستانية بطابع باكستاني كامل‎<br>placepageUri: https://www.google.com/earth/rpc/entity?lat=32.8866&lng=13.1858&fid=0x13a8937bdee755a1:0x263d4175e1eb956e&hl=ar&gl=ly&client=earth-client&cv=7.3.6.10201&useragent=GoogleEarth/7.3.6.10201(Windows;Microsoft Windows (6.2.9200.0);ar;kml:2.2;client:Pro;type:default)",
          "extended_data": {
            "placepageUri": "https://www.google.com/earth/rpc/entity?lat=32.8866&lng=13.1858&fid=0x13a8937bdee755a1:0x263d4175e1eb956e&hl=ar&gl=ly&client=earth-client&cv=7.3.6.10201&useragent=GoogleEarth/7.3.6.10201(Windows;Microsoft Windows (6.2.9200.0);ar;kml:2.2;client:Pro;type:default)",
            "الخدمات المتوفرة": "مطعم باكستاني اصيل في ليبيا ، يقدم أفضل طعم للمأكولات الباكستانية بطابع باكستاني كامل‎",
            "العنوان": "زاوية الدهماني‎",
            "النوع": null,
            "الهاتف": "0918002803 ‏‎",
            "الوصف": null,
            "فيسبوك": "https://www.facebook.com/almadaaqpk/?locale=ar_AR"
          },
          "kml_context_path": [
            "المطاعم في طرابلس",
            "المطاعم في طرابلس"
          ]
        },
        "source_composite_id": "KML_FC81306FF5:Placemark-18",
        "source_database": "المطاعم في طرابلس.kml",
        "source_feature_id": "Placemark-18",
        "source_filename_registry": "المطاعم في طرابلس(1).kml",
        "source_id": "KML_FC81306FF5",
        "source_layer": "المطاعم في طرابلس(1)",
        "source_subtype": "restaurant_kml",
        "target_layer": "RESTAURANTS",
        "validation_status": "SOURCE_EXTRACTED"
      },
      "type": "Feature"
    },
    {
      "geometry": {
        "coordinates": [
          13.20639,
          32.875296
        ],
        "type": "Point"
      },
      "properties": {
        "authoritative_boundary_claimed": false,
        "authority_status": "UNAPPROVED",
        "canonical_identity_approved": false,
        "governance_role": "LATEST_SUPPLIED_SNAPSHOT",
        "is_published": false,
        "is_validated": false,
        "publication_approved": false,
        "review_status": "REVIEW_REQUIRED",
        "source_attributes": {
          "Name": "مطعم شوايا‎‎",
          "description": "الوصف: مطعم شوى‎<br>فيسبوك: https://www.facebook.com/shwaya2016/?locale=ar_AR<br>النوع: مطعم شرائح ستيك‏‎<br>الهاتف: 092-3407818<br>العنوان: شارع جرابة‎<br>الخدمات المتوفرة: <br>placepageUri: https://www.google.com/earth/rpc/entity?lat=32.8866&lng=13.1858&fid=0x13a892e48da851fb:0xa309f71a9de5247&hl=ar&gl=ly&client=earth-client&cv=7.3.6.10201&useragent=GoogleEarth/7.3.6.10201(Windows;Microsoft Windows (6.2.9200.0);ar;kml:2.2;client:Pro;type:default)",
          "extended_data": {
            "placepageUri": "https://www.google.com/earth/rpc/entity?lat=32.8866&lng=13.1858&fid=0x13a892e48da851fb:0xa309f71a9de5247&hl=ar&gl=ly&client=earth-client&cv=7.3.6.10201&useragent=GoogleEarth/7.3.6.10201(Windows;Microsoft Windows (6.2.9200.0);ar;kml:2.2;client:Pro;type:default)",
            "الخدمات المتوفرة": null,
            "العنوان": "شارع جرابة‎",
            "النوع": "مطعم شرائح ستيك‏‎",
            "الهاتف": "092-3407818",
            "الوصف": "مطعم شوى‎",
            "فيسبوك": "https://www.facebook.com/shwaya2016/?locale=ar_AR"
          },
          "kml_context_path": [
            "المطاعم في طرابلس",
            "المطاعم في طرابلس"
          ]
        },
        "source_composite_id": "KML_FC81306FF5:Placemark-19",
        "source_database": "المطاعم في طرابلس.kml",
        "source_feature_id": "Placemark-19",
        "source_filename_registry": "المطاعم في طرابلس(1).kml",
        "source_id": "KML_FC81306FF5",
        "source_layer": "المطاعم في طرابلس(1)",
        "source_subtype": "restaurant_kml",
        "target_layer": "RESTAURANTS",
        "validation_status": "SOURCE_EXTRACTED"
      },
      "type": "Feature"
    },
    {
      "geometry": {
        "coordinates": [
          13.188201,
          32.889291
        ],
        "type": "Point"
      },
      "properties": {
        "authoritative_boundary_claimed": false,
        "authority_status": "UNAPPROVED",
        "canonical_identity_approved": false,
        "governance_role": "LATEST_SUPPLIED_SNAPSHOT",
        "is_published": false,
        "is_validated": false,
        "publication_approved": false,
        "review_status": "REVIEW_REQUIRED",
        "source_attributes": {
          "Name": "مطعم القصر‎‎",
          "description": "الوصف: مطعم إيطالي‏‎<br>وسائل الاتصال: https://www.facebook.com/p/%D8%A7%D9%84%D9%80%D9%82%D9%80%D8%B5%D9%80%D8%B1-61569668618624/<br>الهاتف: 092-3771158<br>النوع: للمـشاوي والـمـعـجنات‎<br>العنوان: طرابلس‎<br>placepageUri: https://www.google.com/earth/rpc/entity?lat=32.8866&lng=13.1858&fid=0x13a893b9e5c3fff5:0x75ef4fe5561b7719&hl=ar&gl=ly&client=earth-client&cv=7.3.6.10201&useragent=GoogleEarth/7.3.6.10201(Windows;Microsoft Windows (6.2.9200.0);ar;kml:2.2;client:Pro;type:default)",
          "extended_data": {
            "placepageUri": "https://www.google.com/earth/rpc/entity?lat=32.8866&lng=13.1858&fid=0x13a893b9e5c3fff5:0x75ef4fe5561b7719&hl=ar&gl=ly&client=earth-client&cv=7.3.6.10201&useragent=GoogleEarth/7.3.6.10201(Windows;Microsoft Windows (6.2.9200.0);ar;kml:2.2;client:Pro;type:default)",
            "العنوان": "طرابلس‎",
            "النوع": "للمـشاوي والـمـعـجنات‎",
            "الهاتف": "092-3771158",
            "الوصف": "مطعم إيطالي‏‎",
            "وسائل الاتصال": "https://www.facebook.com/p/%D8%A7%D9%84%D9%80%D9%82%D9%80%D8%B5%D9%80%D8%B1-61569668618624/"
          },
          "kml_context_path": [
            "المطاعم في طرابلس",
            "المطاعم في طرابلس"
          ]
        },
        "source_composite_id": "KML_FC81306FF5:Placemark-20",
        "source_database": "المطاعم في طرابلس.kml",
        "source_feature_id": "Placemark-20",
        "source_filename_registry": "المطاعم في طرابلس(1).kml",
        "source_id": "KML_FC81306FF5",
        "source_layer": "المطاعم في طرابلس(1)",
        "source_subtype": "restaurant_kml",
        "target_layer": "RESTAURANTS",
        "validation_status": "SOURCE_EXTRACTED"
      },
      "type": "Feature"
    },
    {
      "geometry": {
        "coordinates": [
          13.191188,
          32.885937
        ],
        "type": "Point"
      },
      "properties": {
        "authoritative_boundary_claimed": false,
        "authority_status": "UNAPPROVED",
        "canonical_identity_approved": false,
        "governance_role": "LATEST_SUPPLIED_SNAPSHOT",
        "is_published": false,
        "is_validated": false,
        "publication_approved": false,
        "review_status": "REVIEW_REQUIRED",
        "source_attributes": {
          "Name": "مطعم أورجينال‎",
          "description": "الوصف: متخصص بالأكل الإيطالي‎‎<br>وسائل الاتصال: https://www.facebook.com/original.cafe.Tripoli/?locale=ar_AR<br>الهاتف: 091-1706565<br>النوع: <br>العنوان: طرابلس‎‎<br>placepageUri: https://www.google.com/earth/rpc/entity?lat=32.8866&lng=13.1858&fid=0x13a893f6eed59457:0x892e0166f36d3f78&hl=ar&gl=ly&client=earth-client&cv=7.3.6.10201&useragent=GoogleEarth/7.3.6.10201(Windows;Microsoft Windows (6.2.9200.0);ar;kml:2.2;client:Pro;type:default)",
          "extended_data": {
            "placepageUri": "https://www.google.com/earth/rpc/entity?lat=32.8866&lng=13.1858&fid=0x13a893f6eed59457:0x892e0166f36d3f78&hl=ar&gl=ly&client=earth-client&cv=7.3.6.10201&useragent=GoogleEarth/7.3.6.10201(Windows;Microsoft Windows (6.2.9200.0);ar;kml:2.2;client:Pro;type:default)",
            "العنوان": "طرابلس‎‎",
            "النوع": null,
            "الهاتف": "091-1706565",
            "الوصف": "متخصص بالأكل الإيطالي‎‎",
            "وسائل الاتصال": "https://www.facebook.com/original.cafe.Tripoli/?locale=ar_AR"
          },
          "kml_context_path": [
            "المطاعم في طرابلس",
            "المطاعم في طرابلس"
          ]
        },
        "source_composite_id": "KML_FC81306FF5:Placemark-21",
        "source_database": "المطاعم في طرابلس.kml",
        "source_feature_id": "Placemark-21",
        "source_filename_registry": "المطاعم في طرابلس(1).kml",
        "source_id": "KML_FC81306FF5",
        "source_layer": "المطاعم في طرابلس(1)",
        "source_subtype": "restaurant_kml",
        "target_layer": "RESTAURANTS",
        "validation_status": "SOURCE_EXTRACTED"
      },
      "type": "Feature"
    },
    {
      "geometry": {
        "coordinates": [
          13.190645,
          32.886498
        ],
        "type": "Point"
      },
      "properties": {
        "authoritative_boundary_claimed": false,
        "authority_status": "UNAPPROVED",
        "canonical_identity_approved": false,
        "governance_role": "LATEST_SUPPLIED_SNAPSHOT",
        "is_published": false,
        "is_validated": false,
        "publication_approved": false,
        "review_status": "REVIEW_REQUIRED",
        "source_attributes": {
          "Name": "VIA MERCATO LY‏‎",
          "description": "الوصف: <br>وسائل الاتصال: https://www.facebook.com/ViaMercatoLY/‏‎<br>الهاتف: 094-2111011‏‎<br>النوع: إفطار إيطالي‎<br>العنوان: الظهرة - مقابل دار الافتاء‎<br>placepageUri: https://www.google.com/earth/rpc/entity?lat=32.8866&lng=13.1858&fid=0x13a893007c656595:0x6cb7619ee083da65&hl=ar&gl=ly&client=earth-client&cv=7.3.6.10201&useragent=GoogleEarth/7.3.6.10201(Windows;Microsoft Windows (6.2.9200.0);ar;kml:2.2;client:Pro;type:default)‏‎",
          "extended_data": {
            "placepageUri": "https://www.google.com/earth/rpc/entity?lat=32.8866&lng=13.1858&fid=0x13a893007c656595:0x6cb7619ee083da65&hl=ar&gl=ly&client=earth-client&cv=7.3.6.10201&useragent=GoogleEarth/7.3.6.10201(Windows;Microsoft Windows (6.2.9200.0);ar;kml:2.2;client:Pro;type:default)‏‎",
            "العنوان": "الظهرة - مقابل دار الافتاء‎",
            "النوع": "إفطار إيطالي‎",
            "الهاتف": "094-2111011‏‎",
            "الوصف": null,
            "وسائل الاتصال": "https://www.facebook.com/ViaMercatoLY/‏‎"
          },
          "kml_context_path": [
            "المطاعم في طرابلس",
            "المطاعم في طرابلس"
          ]
        },
        "source_composite_id": "KML_FC81306FF5:Placemark-22",
        "source_database": "المطاعم في طرابلس.kml",
        "source_feature_id": "Placemark-22",
        "source_filename_registry": "المطاعم في طرابلس(1).kml",
        "source_id": "KML_FC81306FF5",
        "source_layer": "المطاعم في طرابلس(1)",
        "source_subtype": "restaurant_kml",
        "target_layer": "RESTAURANTS",
        "validation_status": "SOURCE_EXTRACTED"
      },
      "type": "Feature"
    },
    {
      "geometry": {
        "coordinates": [
          13.216568,
          32.883433
        ],
        "type": "Point"
      },
      "properties": {
        "authoritative_boundary_claimed": false,
        "authority_status": "UNAPPROVED",
        "canonical_identity_approved": false,
        "governance_role": "LATEST_SUPPLIED_SNAPSHOT",
        "is_published": false,
        "is_validated": false,
        "publication_approved": false,
        "review_status": "REVIEW_REQUIRED",
        "source_attributes": {
          "Name": "مطعم مراحب، مطعم‎‎",
          "description": "الوصف: <br>وسائل الاتصال: https://www.facebook.com/p/%D9%85%D8%B7%D8%B9%D9%85-%D9%88%D9%85%D8%B7%D8%A8%D8%AE-%D9%85%D8%B1%D8%A7%D8%AD%D8%A8-Marahib-Restaurant-Kitchen-100092270330743/<br>الهاتف: 091-4647777<br>النوع: مأكولات ليبية و شعبية‎<br>العنوان: النوفليين شارع الكهربائيه‎<br>placepageUri: https://www.google.com/earth/rpc/entity?lat=32.8866&lng=13.1858&fid=0x13a893f9a9a07de1:0x5675c19c45ea8a33&hl=ar&gl=ly&client=earth-client&cv=7.3.6.10201&useragent=GoogleEarth/7.3.6.10201(Windows;Microsoft Windows (6.2.9200.0);ar;kml:2.2;client:Pro;type:default)",
          "extended_data": {
            "placepageUri": "https://www.google.com/earth/rpc/entity?lat=32.8866&lng=13.1858&fid=0x13a893f9a9a07de1:0x5675c19c45ea8a33&hl=ar&gl=ly&client=earth-client&cv=7.3.6.10201&useragent=GoogleEarth/7.3.6.10201(Windows;Microsoft Windows (6.2.9200.0);ar;kml:2.2;client:Pro;type:default)",
            "العنوان": "النوفليين شارع الكهربائيه‎",
            "النوع": "مأكولات ليبية و شعبية‎",
            "الهاتف": "091-4647777",
            "الوصف": null,
            "وسائل الاتصال": "https://www.facebook.com/p/%D9%85%D8%B7%D8%B9%D9%85-%D9%88%D9%85%D8%B7%D8%A8%D8%AE-%D9%85%D8%B1%D8%A7%D8%AD%D8%A8-Marahib-Restaurant-Kitchen-100092270330743/"
          },
          "kml_context_path": [
            "المطاعم في طرابلس",
            "المطاعم في طرابلس"
          ]
        },
        "source_composite_id": "KML_FC81306FF5:Placemark-23",
        "source_database": "المطاعم في طرابلس.kml",
        "source_feature_id": "Placemark-23",
        "source_filename_registry": "المطاعم في طرابلس(1).kml",
        "source_id": "KML_FC81306FF5",
        "source_layer": "المطاعم في طرابلس(1)",
        "source_subtype": "restaurant_kml",
        "target_layer": "RESTAURANTS",
        "validation_status": "SOURCE_EXTRACTED"
      },
      "type": "Feature"
    },
    {
      "geometry": {
        "coordinates": [
          13.196109,
          32.86964
        ],
        "type": "Point"
      },
      "properties": {
        "authoritative_boundary_claimed": false,
        "authority_status": "UNAPPROVED",
        "canonical_identity_approved": false,
        "governance_role": "LATEST_SUPPLIED_SNAPSHOT",
        "is_published": false,
        "is_validated": false,
        "publication_approved": false,
        "review_status": "REVIEW_REQUIRED",
        "source_attributes": {
          "Name": "المطعم السنيورة التركي‎‎",
          "description": "الوصف: <br>وسائل الاتصال: https://www.facebook.com/p/%D9%85%D8%B7%D8%B9%D9%85-%D8%A7%D9%84%D8%B3%D9%86%D9%8A%D9%88%D8%B1%D8%A9-Sinyora-Restaurant-100063984587116/<br>الهاتف: 091-4272119<br>النوع: مأكولات تركية‎<br>العنوان: باب بن غشير ‎<br>placepageUri: https://www.google.com/earth/rpc/entity?lat=32.8866&lng=13.1858&fid=0x13a893200e941787:0xe22a1519f5f7b8f7&hl=ar&gl=ly&client=earth-client&cv=7.3.6.10201&useragent=GoogleEarth/7.3.6.10201(Windows;Microsoft Windows (6.2.9200.0);ar;kml:2.2;client:Pro;type:default)",
          "extended_data": {
            "placepageUri": "https://www.google.com/earth/rpc/entity?lat=32.8866&lng=13.1858&fid=0x13a893200e941787:0xe22a1519f5f7b8f7&hl=ar&gl=ly&client=earth-client&cv=7.3.6.10201&useragent=GoogleEarth/7.3.6.10201(Windows;Microsoft Windows (6.2.9200.0);ar;kml:2.2;client:Pro;type:default)",
            "العنوان": "باب بن غشير ‎",
            "النوع": "مأكولات تركية‎",
            "الهاتف": "091-4272119",
            "الوصف": null,
            "وسائل الاتصال": "https://www.facebook.com/p/%D9%85%D8%B7%D8%B9%D9%85-%D8%A7%D9%84%D8%B3%D9%86%D9%8A%D9%88%D8%B1%D8%A9-Sinyora-Restaurant-100063984587116/"
          },
          "kml_context_path": [
            "المطاعم في طرابلس",
            "المطاعم في طرابلس"
          ]
        },
        "source_composite_id": "KML_FC81306FF5:Placemark-24",
        "source_database": "المطاعم في طرابلس.kml",
        "source_feature_id": "Placemark-24",
        "source_filename_registry": "المطاعم في طرابلس(1).kml",
        "source_id": "KML_FC81306FF5",
        "source_layer": "المطاعم في طرابلس(1)",
        "source_subtype": "restaurant_kml",
        "target_layer": "RESTAURANTS",
        "validation_status": "SOURCE_EXTRACTED"
      },
      "type": "Feature"
    },
    {
      "geometry": {
        "coordinates": [
          13.199141,
          32.881308
        ],
        "type": "Point"
      },
      "properties": {
        "authoritative_boundary_claimed": false,
        "authority_status": "UNAPPROVED",
        "canonical_identity_approved": false,
        "governance_role": "LATEST_SUPPLIED_SNAPSHOT",
        "is_published": false,
        "is_validated": false,
        "publication_approved": false,
        "review_status": "REVIEW_REQUIRED",
        "source_attributes": {
          "Name": "مطعم الطاجين للماكولات الليبية‎‎",
          "description": "الوصف: <br>وسائل الاتصال: https://www.facebook.com/Tagin.libya/<br>الهاتف: 094-5961010<br>النوع: للمأكـولات الليبيـة التقليديـة‎<br>العنوان: بن عاشور‎<br>placepageUri: https://www.google.com/earth/rpc/entity?lat=32.8866&lng=13.1858&fid=0x13a892e870c40a49:0xa13e6a83ca3d377d&hl=ar&gl=ly&client=earth-client&cv=7.3.6.10201&useragent=GoogleEarth/7.3.6.10201(Windows;Microsoft Windows (6.2.9200.0);ar;kml:2.2;client:Pro;type:default)",
          "extended_data": {
            "placepageUri": "https://www.google.com/earth/rpc/entity?lat=32.8866&lng=13.1858&fid=0x13a892e870c40a49:0xa13e6a83ca3d377d&hl=ar&gl=ly&client=earth-client&cv=7.3.6.10201&useragent=GoogleEarth/7.3.6.10201(Windows;Microsoft Windows (6.2.9200.0);ar;kml:2.2;client:Pro;type:default)",
            "العنوان": "بن عاشور‎",
            "النوع": "للمأكـولات الليبيـة التقليديـة‎",
            "الهاتف": "094-5961010",
            "الوصف": null,
            "وسائل الاتصال": "https://www.facebook.com/Tagin.libya/"
          },
          "kml_context_path": [
            "المطاعم في طرابلس",
            "المطاعم في طرابلس"
          ]
        },
        "source_composite_id": "KML_FC81306FF5:Placemark-25",
        "source_database": "المطاعم في طرابلس.kml",
        "source_feature_id": "Placemark-25",
        "source_filename_registry": "المطاعم في طرابلس(1).kml",
        "source_id": "KML_FC81306FF5",
        "source_layer": "المطاعم في طرابلس(1)",
        "source_subtype": "restaurant_kml",
        "target_layer": "RESTAURANTS",
        "validation_status": "SOURCE_EXTRACTED"
      },
      "type": "Feature"
    },
    {
      "geometry": {
        "coordinates": [
          13.195024,
          32.886101
        ],
        "type": "Point"
      },
      "properties": {
        "authoritative_boundary_claimed": false,
        "authority_status": "UNAPPROVED",
        "canonical_identity_approved": false,
        "governance_role": "LATEST_SUPPLIED_SNAPSHOT",
        "is_published": false,
        "is_validated": false,
        "publication_approved": false,
        "review_status": "REVIEW_REQUIRED",
        "source_attributes": {
          "Name": "مطعم الزرقاني للمأكولات الطرابلسية‎‎",
          "description": "الوصف: <br>وسائل الاتصال: https://www.facebook.com/AlzurganiCatering/<br>الهاتف: 091-2110912<br>النوع: مأكولات متنوعه‎<br>العنوان: شارع الجمهورية‎<br>placepageUri: https://www.google.com/earth/rpc/entity?lat=32.8866&lng=13.1858&fid=0x13a893452e7f4e69:0x3c39c535f9d30daa&hl=ar&gl=ly&client=earth-client&cv=7.3.6.10201&useragent=GoogleEarth/7.3.6.10201(Windows;Microsoft Windows (6.2.9200.0);ar;kml:2.2;client:Pro;type:default)",
          "extended_data": {
            "placepageUri": "https://www.google.com/earth/rpc/entity?lat=32.8866&lng=13.1858&fid=0x13a893452e7f4e69:0x3c39c535f9d30daa&hl=ar&gl=ly&client=earth-client&cv=7.3.6.10201&useragent=GoogleEarth/7.3.6.10201(Windows;Microsoft Windows (6.2.9200.0);ar;kml:2.2;client:Pro;type:default)",
            "العنوان": "شارع الجمهورية‎",
            "النوع": "مأكولات متنوعه‎",
            "الهاتف": "091-2110912",
            "الوصف": null,
            "وسائل الاتصال": "https://www.facebook.com/AlzurganiCatering/"
          },
          "kml_context_path": [
            "المطاعم في طرابلس",
            "المطاعم في طرابلس"
          ]
        },
        "source_composite_id": "KML_FC81306FF5:Placemark-26",
        "source_database": "المطاعم في طرابلس.kml",
        "source_feature_id": "Placemark-26",
        "source_filename_registry": "المطاعم في طرابلس(1).kml",
        "source_id": "KML_FC81306FF5",
        "source_layer": "المطاعم في طرابلس(1)",
        "source_subtype": "restaurant_kml",
        "target_layer": "RESTAURANTS",
        "validation_status": "SOURCE_EXTRACTED"
      },
      "type": "Feature"
    },
    {
      "geometry": {
        "coordinates": [
          13.23441,
          32.898353
        ],
        "type": "Point"
      },
      "properties": {
        "authoritative_boundary_claimed": false,
        "authority_status": "UNAPPROVED",
        "canonical_identity_approved": false,
        "governance_role": "LATEST_SUPPLIED_SNAPSHOT",
        "is_published": false,
        "is_validated": false,
        "publication_approved": false,
        "review_status": "REVIEW_REQUIRED",
        "source_attributes": {
          "Name": "مطعم لاروكا‎‎",
          "description": "النوع: مقهى و مطعم‎<br>الوصف: <br>العنوان: طريق الشط‎<br>وسائل الاتصال: https://www.facebook.com/laroca.ly/about<br>الهاتف: 091-0388833<br>placepageUri: https://www.google.com/earth/rpc/entity?lat=32.8866&lng=13.1858&fid=0x13a89384b55e19e9:0x82f333e41ce807ee&hl=ar&gl=ly&client=earth-client&cv=7.3.6.10201&useragent=GoogleEarth/7.3.6.10201(Windows;Microsoft Windows (6.2.9200.0);ar;kml:2.2;client:Pro;type:default)",
          "extended_data": {
            "placepageUri": "https://www.google.com/earth/rpc/entity?lat=32.8866&lng=13.1858&fid=0x13a89384b55e19e9:0x82f333e41ce807ee&hl=ar&gl=ly&client=earth-client&cv=7.3.6.10201&useragent=GoogleEarth/7.3.6.10201(Windows;Microsoft Windows (6.2.9200.0);ar;kml:2.2;client:Pro;type:default)",
            "العنوان": "طريق الشط‎",
            "النوع": "مقهى و مطعم‎",
            "الهاتف": "091-0388833",
            "الوصف": null,
            "وسائل الاتصال": "https://www.facebook.com/laroca.ly/about"
          },
          "kml_context_path": [
            "المطاعم في طرابلس",
            "المطاعم في طرابلس"
          ]
        },
        "source_composite_id": "KML_FC81306FF5:Placemark-27",
        "source_database": "المطاعم في طرابلس.kml",
        "source_feature_id": "Placemark-27",
        "source_filename_registry": "المطاعم في طرابلس(1).kml",
        "source_id": "KML_FC81306FF5",
        "source_layer": "المطاعم في طرابلس(1)",
        "source_subtype": "restaurant_kml",
        "target_layer": "RESTAURANTS",
        "validation_status": "SOURCE_EXTRACTED"
      },
      "type": "Feature"
    },
    {
      "geometry": {
        "coordinates": [
          13.209228,
          32.893162
        ],
        "type": "Point"
      },
      "properties": {
        "authoritative_boundary_claimed": false,
        "authority_status": "UNAPPROVED",
        "canonical_identity_approved": false,
        "governance_role": "LATEST_SUPPLIED_SNAPSHOT",
        "is_published": false,
        "is_validated": false,
        "publication_approved": false,
        "review_status": "REVIEW_REQUIRED",
        "source_attributes": {
          "Name": "بيج بوس برجر‎‎‎",
          "description": "النوع: مطعم طعام سريع‏‎<br>الوصف: <br>العنوان: النوفليين‎<br>وسائل الاتصال: https://www.facebook.com/bigbossburgerlibya/?locale=ar_AR<br>الهاتف: 094-4274967<br>placepageUri: https://www.google.com/earth/rpc/entity?lat=32.8866&lng=13.1858&fid=0x13a893378b59bb2f:0x48c40141ca68ce97&hl=ar&gl=ly&client=earth-client&cv=7.3.6.10201&useragent=GoogleEarth/7.3.6.10201(Windows;Microsoft Windows (6.2.9200.0);ar;kml:2.2;client:Pro;type:default)",
          "extended_data": {
            "placepageUri": "https://www.google.com/earth/rpc/entity?lat=32.8866&lng=13.1858&fid=0x13a893378b59bb2f:0x48c40141ca68ce97&hl=ar&gl=ly&client=earth-client&cv=7.3.6.10201&useragent=GoogleEarth/7.3.6.10201(Windows;Microsoft Windows (6.2.9200.0);ar;kml:2.2;client:Pro;type:default)",
            "العنوان": "النوفليين‎",
            "النوع": "مطعم طعام سريع‏‎",
            "الهاتف": "094-4274967",
            "الوصف": null,
            "وسائل الاتصال": "https://www.facebook.com/bigbossburgerlibya/?locale=ar_AR"
          },
          "kml_context_path": [
            "المطاعم في طرابلس",
            "المطاعم في طرابلس"
          ]
        },
        "source_composite_id": "KML_FC81306FF5:Placemark-28",
        "source_database": "المطاعم في طرابلس.kml",
        "source_feature_id": "Placemark-28",
        "source_filename_registry": "المطاعم في طرابلس(1).kml",
        "source_id": "KML_FC81306FF5",
        "source_layer": "المطاعم في طرابلس(1)",
        "source_subtype": "restaurant_kml",
        "target_layer": "RESTAURANTS",
        "validation_status": "SOURCE_EXTRACTED"
      },
      "type": "Feature"
    },
    {
      "geometry": {
        "coordinates": [
          13.197367,
          32.887588
        ],
        "type": "Point"
      },
      "properties": {
        "authoritative_boundary_claimed": false,
        "authority_status": "UNAPPROVED",
        "canonical_identity_approved": false,
        "governance_role": "LATEST_SUPPLIED_SNAPSHOT",
        "is_published": false,
        "is_validated": false,
        "publication_approved": false,
        "review_status": "REVIEW_REQUIRED",
        "source_attributes": {
          "Name": "لا كوتشينا إيطاليانو‎‎‎",
          "description": "النوع: <br>الوصف: مأكولات إيطالية‎<br>العنوان: شارع الجمهورية ‎<br>وسائل الاتصال: https://www.facebook.com/p/La-Cucina-Italiana-Tripoli_libya-61550596991275/<br>الهاتف: 0942250025‬<br>placepageUri: https://www.google.com/earth/rpc/entity?lat=32.8866&lng=13.1858&fid=0x13a893945fe5cd4b:0xce4c3c85b9801f9b&hl=ar&gl=ly&client=earth-client&cv=7.3.6.10201&useragent=GoogleEarth/7.3.6.10201(Windows;Microsoft Windows (6.2.9200.0);ar;kml:2.2;client:Pro;type:default)",
          "extended_data": {
            "placepageUri": "https://www.google.com/earth/rpc/entity?lat=32.8866&lng=13.1858&fid=0x13a893945fe5cd4b:0xce4c3c85b9801f9b&hl=ar&gl=ly&client=earth-client&cv=7.3.6.10201&useragent=GoogleEarth/7.3.6.10201(Windows;Microsoft Windows (6.2.9200.0);ar;kml:2.2;client:Pro;type:default)",
            "العنوان": "شارع الجمهورية ‎",
            "النوع": null,
            "الهاتف": "0942250025‬",
            "الوصف": "مأكولات إيطالية‎",
            "وسائل الاتصال": "https://www.facebook.com/p/La-Cucina-Italiana-Tripoli_libya-61550596991275/"
          },
          "kml_context_path": [
            "المطاعم في طرابلس",
            "المطاعم في طرابلس"
          ]
        },
        "source_composite_id": "KML_FC81306FF5:Placemark-29",
        "source_database": "المطاعم في طرابلس.kml",
        "source_feature_id": "Placemark-29",
        "source_filename_registry": "المطاعم في طرابلس(1).kml",
        "source_id": "KML_FC81306FF5",
        "source_layer": "المطاعم في طرابلس(1)",
        "source_subtype": "restaurant_kml",
        "target_layer": "RESTAURANTS",
        "validation_status": "SOURCE_EXTRACTED"
      },
      "type": "Feature"
    },
    {
      "geometry": {
        "coordinates": [
          13.212874,
          32.894429
        ],
        "type": "Point"
      },
      "properties": {
        "authoritative_boundary_claimed": false,
        "authority_status": "UNAPPROVED",
        "canonical_identity_approved": false,
        "governance_role": "LATEST_SUPPLIED_SNAPSHOT",
        "is_published": false,
        "is_validated": false,
        "publication_approved": false,
        "review_status": "REVIEW_REQUIRED",
        "source_attributes": {
          "Name": "شنابو الدهماني زاوية‎‎‎",
          "description": "النوع: <br>الوصف: منيو متنوع‎<br>العنوان: زاوية الدهماني <br>‎<br>وسائل الاتصال: https://www.facebook.com/shnaabo/?locale=ar_AR<br>الهاتف: 0921010132<br><br>placepageUri: https://www.google.com/earth/rpc/entity?lat=32.8866&lng=13.1858&fid=0x13a893cdde8fd581:0x1c6921a26068acd3&hl=ar&gl=ly&client=earth-client&cv=7.3.6.10201&useragent=GoogleEarth/7.3.6.10201(Windows;Microsoft Windows (6.2.9200.0);ar;kml:2.2;client:Pro;type:default)",
          "extended_data": {
            "placepageUri": "https://www.google.com/earth/rpc/entity?lat=32.8866&lng=13.1858&fid=0x13a893cdde8fd581:0x1c6921a26068acd3&hl=ar&gl=ly&client=earth-client&cv=7.3.6.10201&useragent=GoogleEarth/7.3.6.10201(Windows;Microsoft Windows (6.2.9200.0);ar;kml:2.2;client:Pro;type:default)",
            "العنوان": "زاوية الدهماني \n‎",
            "النوع": null,
            "الهاتف": "0921010132",
            "الوصف": "منيو متنوع‎",
            "وسائل الاتصال": "https://www.facebook.com/shnaabo/?locale=ar_AR"
          },
          "kml_context_path": [
            "المطاعم في طرابلس",
            "المطاعم في طرابلس"
          ]
        },
        "source_composite_id": "KML_FC81306FF5:Placemark-30",
        "source_database": "المطاعم في طرابلس.kml",
        "source_feature_id": "Placemark-30",
        "source_filename_registry": "المطاعم في طرابلس(1).kml",
        "source_id": "KML_FC81306FF5",
        "source_layer": "المطاعم في طرابلس(1)",
        "source_subtype": "restaurant_kml",
        "target_layer": "RESTAURANTS",
        "validation_status": "SOURCE_EXTRACTED"
      },
      "type": "Feature"
    },
    {
      "geometry": {
        "coordinates": [
          13.212127,
          32.893137
        ],
        "type": "Point"
      },
      "properties": {
        "authoritative_boundary_claimed": false,
        "authority_status": "UNAPPROVED",
        "canonical_identity_approved": false,
        "governance_role": "LATEST_SUPPLIED_SNAPSHOT",
        "is_published": false,
        "is_validated": false,
        "publication_approved": false,
        "review_status": "REVIEW_REQUIRED",
        "source_attributes": {
          "Name": "مطعم كوستيليا‎",
          "description": "النوع: <br>الوصف: أكلات متنوعه<br>العنوان: طرابلس النوفليين<br>وسائل الاتصال: https://www.facebook.com/coustillia/?locale=ar_AR<br>الهاتف: 0919954343<br>placepageUri: https://www.google.com/earth/rpc/entity?lat=32.8866&amp;lng=13.1858&amp;fid=0x13a893707c75b529:0x3fd27061aa3cd5e1&amp;hl=ar&amp;gl=ly&amp;client=earth-client&amp;cv=7.3.6.10201&amp;useragent=GoogleEarth/7.3.6.10201(Windows;Microsoft Windows (6.2.9200.0);ar;kml:2.2;client:Pro;type:default)",
          "extended_data": {
            "placepageUri": "https://www.google.com/earth/rpc/entity?lat=32.8866&amp;lng=13.1858&amp;fid=0x13a893707c75b529:0x3fd27061aa3cd5e1&amp;hl=ar&amp;gl=ly&amp;client=earth-client&amp;cv=7.3.6.10201&amp;useragent=GoogleEarth/7.3.6.10201(Windows;Microsoft Windows (6.2.9200.0);ar;kml:2.2;client:Pro;type:default)",
            "العنوان": "طرابلس النوفليين",
            "النوع": null,
            "الهاتف": "0919954343",
            "الوصف": "أكلات متنوعه",
            "وسائل الاتصال": "https://www.facebook.com/coustillia/?locale=ar_AR"
          },
          "kml_context_path": [
            "المطاعم في طرابلس",
            "المطاعم في طرابلس"
          ]
        },
        "source_composite_id": "KML_FC81306FF5:Placemark-31",
        "source_database": "المطاعم في طرابلس.kml",
        "source_feature_id": "Placemark-31",
        "source_filename_registry": "المطاعم في طرابلس(1).kml",
        "source_id": "KML_FC81306FF5",
        "source_layer": "المطاعم في طرابلس(1)",
        "source_subtype": "restaurant_kml",
        "target_layer": "RESTAURANTS",
        "validation_status": "SOURCE_EXTRACTED"
      },
      "type": "Feature"
    },
    {
      "geometry": {
        "coordinates": [
          13.193842,
          32.887823
        ],
        "type": "Point"
      },
      "properties": {
        "authoritative_boundary_claimed": false,
        "authority_status": "UNAPPROVED",
        "canonical_identity_approved": false,
        "governance_role": "LATEST_SUPPLIED_SNAPSHOT",
        "is_published": false,
        "is_validated": false,
        "publication_approved": false,
        "review_status": "REVIEW_REQUIRED",
        "source_attributes": {
          "Name": "أيلا كافي‎‎‎",
          "description": "النوع: <br>الوصف: ‎<br>العنوان: شارع خالد بن الوليد ، الظهرة‎‎<br>وسائل الاتصال: https://www.facebook.com/ellacafes.fb/<br>الهاتف: 091-8890888<br>placepageUri: https://www.google.com/earth/rpc/entity?lat=32.8866&lng=13.1858&fid=0x13a893c1a877fa5b:0x20f281a145dd423a&hl=ar&gl=ly&client=earth-client&cv=7.3.6.10201&useragent=GoogleEarth/7.3.6.10201(Windows;Microsoft Windows (6.2.9200.0);ar;kml:2.2;client:Pro;type:default)",
          "extended_data": {
            "placepageUri": "https://www.google.com/earth/rpc/entity?lat=32.8866&lng=13.1858&fid=0x13a893c1a877fa5b:0x20f281a145dd423a&hl=ar&gl=ly&client=earth-client&cv=7.3.6.10201&useragent=GoogleEarth/7.3.6.10201(Windows;Microsoft Windows (6.2.9200.0);ar;kml:2.2;client:Pro;type:default)",
            "العنوان": "شارع خالد بن الوليد ، الظهرة‎‎",
            "النوع": null,
            "الهاتف": "091-8890888",
            "الوصف": "‎",
            "وسائل الاتصال": "https://www.facebook.com/ellacafes.fb/"
          },
          "kml_context_path": [
            "المطاعم في طرابلس",
            "المطاعم في طرابلس"
          ]
        },
        "source_composite_id": "KML_FC81306FF5:Placemark-32",
        "source_database": "المطاعم في طرابلس.kml",
        "source_feature_id": "Placemark-32",
        "source_filename_registry": "المطاعم في طرابلس(1).kml",
        "source_id": "KML_FC81306FF5",
        "source_layer": "المطاعم في طرابلس(1)",
        "source_subtype": "restaurant_kml",
        "target_layer": "RESTAURANTS",
        "validation_status": "SOURCE_EXTRACTED"
      },
      "type": "Feature"
    },
    {
      "geometry": {
        "coordinates": [
          13.202001,
          32.863291
        ],
        "type": "Point"
      },
      "properties": {
        "authoritative_boundary_claimed": false,
        "authority_status": "UNAPPROVED",
        "canonical_identity_approved": false,
        "governance_role": "LATEST_SUPPLIED_SNAPSHOT",
        "is_published": false,
        "is_validated": false,
        "publication_approved": false,
        "review_status": "REVIEW_REQUIRED",
        "source_attributes": {
          "Name": "لاتينو‎‎",
          "description": "النوع: <br>الوصف: مأكولات متنوعة‎<br>العنوان: طرابلس فرع الجرابة‎<br>وسائل الاتصال: https://www.facebook.com/latino.fastfood/?locale=ar_AR<br>الهاتف: 0911776572<br>placepageUri: https://www.google.com/earth/rpc/entity?lat=32.8866&lng=13.1858&fid=0x13a893194f761c41:0xb7f501a4a65bc195&hl=ar&gl=ly&client=earth-client&cv=7.3.6.10201&useragent=GoogleEarth/7.3.6.10201(Windows;Microsoft Windows (6.2.9200.0);ar;kml:2.2;client:Pro;type:default)",
          "extended_data": {
            "placepageUri": "https://www.google.com/earth/rpc/entity?lat=32.8866&lng=13.1858&fid=0x13a893194f761c41:0xb7f501a4a65bc195&hl=ar&gl=ly&client=earth-client&cv=7.3.6.10201&useragent=GoogleEarth/7.3.6.10201(Windows;Microsoft Windows (6.2.9200.0);ar;kml:2.2;client:Pro;type:default)",
            "العنوان": "طرابلس فرع الجرابة‎",
            "النوع": null,
            "الهاتف": "0911776572",
            "الوصف": "مأكولات متنوعة‎",
            "وسائل الاتصال": "https://www.facebook.com/latino.fastfood/?locale=ar_AR"
          },
          "kml_context_path": [
            "المطاعم في طرابلس",
            "المطاعم في طرابلس"
          ]
        },
        "source_composite_id": "KML_FC81306FF5:Placemark-33",
        "source_database": "المطاعم في طرابلس.kml",
        "source_feature_id": "Placemark-33",
        "source_filename_registry": "المطاعم في طرابلس(1).kml",
        "source_id": "KML_FC81306FF5",
        "source_layer": "المطاعم في طرابلس(1)",
        "source_subtype": "restaurant_kml",
        "target_layer": "RESTAURANTS",
        "validation_status": "SOURCE_EXTRACTED"
      },
      "type": "Feature"
    },
    {
      "geometry": {
        "coordinates": [
          13.197205,
          32.892275
        ],
        "type": "Point"
      },
      "properties": {
        "authoritative_boundary_claimed": false,
        "authority_status": "UNAPPROVED",
        "canonical_identity_approved": false,
        "governance_role": "LATEST_SUPPLIED_SNAPSHOT",
        "is_published": false,
        "is_validated": false,
        "publication_approved": false,
        "review_status": "REVIEW_REQUIRED",
        "source_attributes": {
          "Name": "ماكس قريل ماكس جريل‎‎",
          "description": "الوصف: <br>النوع: <br>العنوان: الظهره شارع الإلكترونات‎<br>وسائل الاتصال: https://www.facebook.com/Maxgrillfastfood/<br>الهاتف: 091-0750606<br>placepageUri: https://www.google.com/earth/rpc/entity?lat=32.8866&lng=13.1858&fid=0x13a8931e55ebee37:0x9eeb389d7fc2729&hl=ar&gl=ly&client=earth-client&cv=7.3.6.10201&useragent=GoogleEarth/7.3.6.10201(Windows;Microsoft Windows (6.2.9200.0);ar;kml:2.2;client:Pro;type:default)",
          "extended_data": {
            "placepageUri": "https://www.google.com/earth/rpc/entity?lat=32.8866&lng=13.1858&fid=0x13a8931e55ebee37:0x9eeb389d7fc2729&hl=ar&gl=ly&client=earth-client&cv=7.3.6.10201&useragent=GoogleEarth/7.3.6.10201(Windows;Microsoft Windows (6.2.9200.0);ar;kml:2.2;client:Pro;type:default)",
            "العنوان": "الظهره شارع الإلكترونات‎",
            "النوع": null,
            "الهاتف": "091-0750606",
            "الوصف": null,
            "وسائل الاتصال": "https://www.facebook.com/Maxgrillfastfood/"
          },
          "kml_context_path": [
            "المطاعم في طرابلس",
            "المطاعم في طرابلس"
          ]
        },
        "source_composite_id": "KML_FC81306FF5:Placemark-34",
        "source_database": "المطاعم في طرابلس.kml",
        "source_feature_id": "Placemark-34",
        "source_filename_registry": "المطاعم في طرابلس(1).kml",
        "source_id": "KML_FC81306FF5",
        "source_layer": "المطاعم في طرابلس(1)",
        "source_subtype": "restaurant_kml",
        "target_layer": "RESTAURANTS",
        "validation_status": "SOURCE_EXTRACTED"
      },
      "type": "Feature"
    },
    {
      "geometry": {
        "coordinates": [
          13.206833,
          32.8728884
        ],
        "type": "Point"
      },
      "properties": {
        "authoritative_boundary_claimed": false,
        "authority_status": "UNAPPROVED",
        "canonical_identity_approved": false,
        "governance_role": "LATEST_SUPPLIED_SNAPSHOT",
        "is_published": false,
        "is_validated": false,
        "publication_approved": false,
        "review_status": "REVIEW_REQUIRED",
        "source_attributes": {
          "Name": "إنديامو‎‎‏‎",
          "description": "الوصف: <br>النوع: مأكولات متنوعة‎<br>العنوان: طرابلس تاجوراء‎<br>وسائل الاتصال: https://www.facebook.com/p/%D8%A3%D9%86%D8%AF%D9%8A%D8%A7%D9%85%D9%88-Andiamo-61585231559585/‏‎<br>الهاتف: 092-7502525‏‎<br>placepageUri: https://www.google.com/earth/rpc/entity?lat=32.8866&amp;lng=13.1858&amp;fid=0x13a893125091ca71:0xe4bbf4f9953360d9&amp;hl=ar&amp;gl=ly&amp;client=earth-client&amp;cv=7.3.6.10201&amp;useragent=GoogleEarth/7.3.6.10201(Windows;Microsoft Windows (6.2.9200.0);ar;kml:2.2;client:Pro;type:default)‏‎",
          "extended_data": {
            "placepageUri": "https://www.google.com/earth/rpc/entity?lat=32.8866&amp;lng=13.1858&amp;fid=0x13a893125091ca71:0xe4bbf4f9953360d9&amp;hl=ar&amp;gl=ly&amp;client=earth-client&amp;cv=7.3.6.10201&amp;useragent=GoogleEarth/7.3.6.10201(Windows;Microsoft Windows (6.2.9200.0);ar;kml:2.2;client:Pro;type:default)‏‎",
            "العنوان": "طرابلس تاجوراء‎",
            "النوع": "مأكولات متنوعة‎",
            "الهاتف": "092-7502525‏‎",
            "الوصف": null,
            "وسائل الاتصال": "https://www.facebook.com/p/%D8%A3%D9%86%D8%AF%D9%8A%D8%A7%D9%85%D9%88-Andiamo-61585231559585/‏‎"
          },
          "kml_context_path": [
            "المطاعم في طرابلس",
            "المطاعم في طرابلس"
          ]
        },
        "source_composite_id": "KML_FC81306FF5:Placemark-35",
        "source_database": "المطاعم في طرابلس.kml",
        "source_feature_id": "Placemark-35",
        "source_filename_registry": "المطاعم في طرابلس(1).kml",
        "source_id": "KML_FC81306FF5",
        "source_layer": "المطاعم في طرابلس(1)",
        "source_subtype": "restaurant_kml",
        "target_layer": "RESTAURANTS",
        "validation_status": "SOURCE_EXTRACTED"
      },
      "type": "Feature"
    },
    {
      "geometry": {
        "coordinates": [
          13.165638,
          32.887482
        ],
        "type": "Point"
      },
      "properties": {
        "authoritative_boundary_claimed": false,
        "authority_status": "UNAPPROVED",
        "canonical_identity_approved": false,
        "governance_role": "LATEST_SUPPLIED_SNAPSHOT",
        "is_published": false,
        "is_validated": false,
        "publication_approved": false,
        "review_status": "REVIEW_REQUIRED",
        "source_attributes": {
          "Name": "Olympic restaurant",
          "description": "الوصف: مطعم طعام سريع‏‎‎<br>النوع: جموعة متنوعة من الماكولات الليبية و البيتزاء على الطريقة الإيطالية بجميع أنواعها‎‎<br>العنوان: طرابلس‎‎<br>وسائل الاتصال: https://www.facebook.com/people/%D9%85%D8%B7%D8%B9%D9%85-%D8%A7%D9%88%D9%84%D9%85%D8%A8%D9%8A%D9%83-Olympic-restaurant/100066469961789/<br>الهاتف: 092-3030130<br>placepageUri: https://www.google.com/earth/rpc/entity?lat=32.8866&amp;lng=13.1858&amp;fid=0x13a8edb0f6de9ddb:0x23c99032a11bb90a&amp;hl=ar&amp;gl=ly&amp;client=earth-client&amp;cv=7.3.6.10201&amp;useragent=GoogleEarth/7.3.6.10201(Windows;Microsoft Windows (6.2.9200.0);ar;kml:2.2;client:Pro;type:default)",
          "extended_data": {
            "placepageUri": "https://www.google.com/earth/rpc/entity?lat=32.8866&amp;lng=13.1858&amp;fid=0x13a8edb0f6de9ddb:0x23c99032a11bb90a&amp;hl=ar&amp;gl=ly&amp;client=earth-client&amp;cv=7.3.6.10201&amp;useragent=GoogleEarth/7.3.6.10201(Windows;Microsoft Windows (6.2.9200.0);ar;kml:2.2;client:Pro;type:default)",
            "العنوان": "طرابلس‎‎",
            "النوع": "جموعة متنوعة من الماكولات الليبية و البيتزاء على الطريقة الإيطالية بجميع أنواعها‎‎",
            "الهاتف": "092-3030130",
            "الوصف": "مطعم طعام سريع‏‎‎",
            "وسائل الاتصال": "https://www.facebook.com/people/%D9%85%D8%B7%D8%B9%D9%85-%D8%A7%D9%88%D9%84%D9%85%D8%A8%D9%8A%D9%83-Olympic-restaurant/100066469961789/"
          },
          "kml_context_path": [
            "المطاعم في طرابلس",
            "المطاعم في طرابلس"
          ]
        },
        "source_composite_id": "KML_FC81306FF5:Placemark-36",
        "source_database": "المطاعم في طرابلس.kml",
        "source_feature_id": "Placemark-36",
        "source_filename_registry": "المطاعم في طرابلس(1).kml",
        "source_id": "KML_FC81306FF5",
        "source_layer": "المطاعم في طرابلس(1)",
        "source_subtype": "restaurant_kml",
        "target_layer": "RESTAURANTS",
        "validation_status": "SOURCE_EXTRACTED"
      },
      "type": "Feature"
    },
    {
      "geometry": {
        "coordinates": [
          13.134065,
          32.875599
        ],
        "type": "Point"
      },
      "properties": {
        "authoritative_boundary_claimed": false,
        "authority_status": "UNAPPROVED",
        "canonical_identity_approved": false,
        "governance_role": "LATEST_SUPPLIED_SNAPSHOT",
        "is_published": false,
        "is_validated": false,
        "publication_approved": false,
        "review_status": "REVIEW_REQUIRED",
        "source_attributes": {
          "Name": "مطعم قصر الوالي ‎‎‎",
          "description": "الوصف: <br>النوع: مأكولات متنوعة‎<br>العنوان: طرابلس  حي الاندلس‎<br>وسائل الاتصال: https://www.facebook.com/alwaly.palace/<br>الهاتف: 091-1926666<br>placepageUri: https://www.google.com/earth/rpc/entity?lat=32.8866&amp;lng=13.1858&amp;fid=0x13a8ed3b0633bf6b:0xb27e982de4c011e1&amp;hl=ar&amp;gl=ly&amp;client=earth-client&amp;cv=7.3.6.10201&amp;useragent=GoogleEarth/7.3.6.10201(Windows;Microsoft Windows (6.2.9200.0);ar;kml:2.2;client:Pro;type:default)",
          "extended_data": {
            "placepageUri": "https://www.google.com/earth/rpc/entity?lat=32.8866&amp;lng=13.1858&amp;fid=0x13a8ed3b0633bf6b:0xb27e982de4c011e1&amp;hl=ar&amp;gl=ly&amp;client=earth-client&amp;cv=7.3.6.10201&amp;useragent=GoogleEarth/7.3.6.10201(Windows;Microsoft Windows (6.2.9200.0);ar;kml:2.2;client:Pro;type:default)",
            "العنوان": "طرابلس  حي الاندلس‎",
            "النوع": "مأكولات متنوعة‎",
            "الهاتف": "091-1926666",
            "الوصف": null,
            "وسائل الاتصال": "https://www.facebook.com/alwaly.palace/"
          },
          "kml_context_path": [
            "المطاعم في طرابلس",
            "المطاعم في طرابلس"
          ]
        },
        "source_composite_id": "KML_FC81306FF5:Placemark-37",
        "source_database": "المطاعم في طرابلس.kml",
        "source_feature_id": "Placemark-37",
        "source_filename_registry": "المطاعم في طرابلس(1).kml",
        "source_id": "KML_FC81306FF5",
        "source_layer": "المطاعم في طرابلس(1)",
        "source_subtype": "restaurant_kml",
        "target_layer": "RESTAURANTS",
        "validation_status": "SOURCE_EXTRACTED"
      },
      "type": "Feature"
    },
    {
      "geometry": {
        "coordinates": [
          13.205742,
          32.880592
        ],
        "type": "Point"
      },
      "properties": {
        "authoritative_boundary_claimed": false,
        "authority_status": "UNAPPROVED",
        "canonical_identity_approved": false,
        "governance_role": "LATEST_SUPPLIED_SNAPSHOT",
        "is_published": false,
        "is_validated": false,
        "publication_approved": false,
        "review_status": "REVIEW_REQUIRED",
        "source_attributes": {
          "Name": "مطعم وكافيه فلانيل | مطعم فلانيل ومقهي‎‎",
          "description": "الوصف: <br>النوع: مطعم يقدم افضل الاطباق الفرنسية والإيطالية‎<br>العنوان: طرابلس شارع الجرابة‎<br>وسائل الاتصال: https://www.facebook.com/p/Flanel-Cafe-Restaurant-%D9%81%D9%84%D8%A7%D9%86%D9%8A%D9%84-%D9%85%D9%82%D9%87%D9%8A-%D9%88%D9%85%D8%B7%D8%B9%D9%85-61561873731618/<br>الهاتف: 094-0207010<br>placepageUri: https://www.google.com/earth/rpc/entity?lat=32.8866&lng=13.1858&fid=0x13a8931abe6be67f:0x766a288426bc16ff&hl=ar&gl=ly&client=earth-client&cv=7.3.6.10201&useragent=GoogleEarth/7.3.6.10201(Windows;Microsoft Windows (6.2.9200.0);ar;kml:2.2;client:Pro;type:default)",
          "extended_data": {
            "placepageUri": "https://www.google.com/earth/rpc/entity?lat=32.8866&lng=13.1858&fid=0x13a8931abe6be67f:0x766a288426bc16ff&hl=ar&gl=ly&client=earth-client&cv=7.3.6.10201&useragent=GoogleEarth/7.3.6.10201(Windows;Microsoft Windows (6.2.9200.0);ar;kml:2.2;client:Pro;type:default)",
            "العنوان": "طرابلس شارع الجرابة‎",
            "النوع": "مطعم يقدم افضل الاطباق الفرنسية والإيطالية‎",
            "الهاتف": "094-0207010",
            "الوصف": null,
            "وسائل الاتصال": "https://www.facebook.com/p/Flanel-Cafe-Restaurant-%D9%81%D9%84%D8%A7%D9%86%D9%8A%D9%84-%D9%85%D9%82%D9%87%D9%8A-%D9%88%D9%85%D8%B7%D8%B9%D9%85-61561873731618/"
          },
          "kml_context_path": [
            "المطاعم في طرابلس",
            "المطاعم في طرابلس"
          ]
        },
        "source_composite_id": "KML_FC81306FF5:Placemark-38",
        "source_database": "المطاعم في طرابلس.kml",
        "source_feature_id": "Placemark-38",
        "source_filename_registry": "المطاعم في طرابلس(1).kml",
        "source_id": "KML_FC81306FF5",
        "source_layer": "المطاعم في طرابلس(1)",
        "source_subtype": "restaurant_kml",
        "target_layer": "RESTAURANTS",
        "validation_status": "SOURCE_EXTRACTED"
      },
      "type": "Feature"
    },
    {
      "geometry": {
        "coordinates": [
          13.231752,
          32.862614
        ],
        "type": "Point"
      },
      "properties": {
        "authoritative_boundary_claimed": false,
        "authority_status": "UNAPPROVED",
        "canonical_identity_approved": false,
        "governance_role": "LATEST_SUPPLIED_SNAPSHOT",
        "is_published": false,
        "is_validated": false,
        "publication_approved": false,
        "review_status": "REVIEW_REQUIRED",
        "source_attributes": {
          "Name": "مطعم النخلة‎‎",
          "description": "الوصف: <br>النوع: بيتزا ومعجنات‎<br>العنوان: طرابلس <br>زناته‎<br>وسائل الاتصال: https://www.facebook.com/p/%D8%A7%D9%84%D9%86%D8%AE%D9%84%D9%87-100057832159610/?locale=ar_AR<br>الهاتف: 091-9092201<br>placepageUri: https://www.google.com/earth/rpc/entity?lat=32.8866&lng=13.1858&fid=0x13a893b277c6feb1:0xe19d064926114ae4&hl=ar&gl=ly&client=earth-client&cv=7.3.6.10201&useragent=GoogleEarth/7.3.6.10201(Windows;Microsoft Windows (6.2.9200.0);ar;kml:2.2;client:Pro;type:default)",
          "extended_data": {
            "placepageUri": "https://www.google.com/earth/rpc/entity?lat=32.8866&lng=13.1858&fid=0x13a893b277c6feb1:0xe19d064926114ae4&hl=ar&gl=ly&client=earth-client&cv=7.3.6.10201&useragent=GoogleEarth/7.3.6.10201(Windows;Microsoft Windows (6.2.9200.0);ar;kml:2.2;client:Pro;type:default)",
            "العنوان": "طرابلس \nزناته‎",
            "النوع": "بيتزا ومعجنات‎",
            "الهاتف": "091-9092201",
            "الوصف": null,
            "وسائل الاتصال": "https://www.facebook.com/p/%D8%A7%D9%84%D9%86%D8%AE%D9%84%D9%87-100057832159610/?locale=ar_AR"
          },
          "kml_context_path": [
            "المطاعم في طرابلس",
            "المطاعم في طرابلس"
          ]
        },
        "source_composite_id": "KML_FC81306FF5:Placemark-39",
        "source_database": "المطاعم في طرابلس.kml",
        "source_feature_id": "Placemark-39",
        "source_filename_registry": "المطاعم في طرابلس(1).kml",
        "source_id": "KML_FC81306FF5",
        "source_layer": "المطاعم في طرابلس(1)",
        "source_subtype": "restaurant_kml",
        "target_layer": "RESTAURANTS",
        "validation_status": "SOURCE_EXTRACTED"
      },
      "type": "Feature"
    },
    {
      "geometry": {
        "coordinates": [
          13.216041,
          32.882389
        ],
        "type": "Point"
      },
      "properties": {
        "authoritative_boundary_claimed": false,
        "authority_status": "UNAPPROVED",
        "canonical_identity_approved": false,
        "governance_role": "LATEST_SUPPLIED_SNAPSHOT",
        "is_published": false,
        "is_validated": false,
        "publication_approved": false,
        "review_status": "REVIEW_REQUIRED",
        "source_attributes": {
          "Name": "مطعم المنسف‎‎",
          "description": "الوصف: <br>النوع: مأكولات متنوعه‎<br>العنوان: طرابلس جامع الصقع‎<br>وسائل الاتصال: https://www.facebook.com/MansefRestaurant/?locale=ar_AR<br>الهاتف: 091-5884444<br>placepageUri: https://www.google.com/earth/rpc/entity?lat=32.8866&lng=13.1858&fid=0x13a893acff86a933:0x24ad421300af302&hl=ar&gl=ly&client=earth-client&cv=7.3.6.10201&useragent=GoogleEarth/7.3.6.10201(Windows;Microsoft Windows (6.2.9200.0);ar;kml:2.2;client:Pro;type:default)",
          "extended_data": {
            "placepageUri": "https://www.google.com/earth/rpc/entity?lat=32.8866&lng=13.1858&fid=0x13a893acff86a933:0x24ad421300af302&hl=ar&gl=ly&client=earth-client&cv=7.3.6.10201&useragent=GoogleEarth/7.3.6.10201(Windows;Microsoft Windows (6.2.9200.0);ar;kml:2.2;client:Pro;type:default)",
            "العنوان": "طرابلس جامع الصقع‎",
            "النوع": "مأكولات متنوعه‎",
            "الهاتف": "091-5884444",
            "الوصف": null,
            "وسائل الاتصال": "https://www.facebook.com/MansefRestaurant/?locale=ar_AR"
          },
          "kml_context_path": [
            "المطاعم في طرابلس",
            "المطاعم في طرابلس"
          ]
        },
        "source_composite_id": "KML_FC81306FF5:Placemark-40",
        "source_database": "المطاعم في طرابلس.kml",
        "source_feature_id": "Placemark-40",
        "source_filename_registry": "المطاعم في طرابلس(1).kml",
        "source_id": "KML_FC81306FF5",
        "source_layer": "المطاعم في طرابلس(1)",
        "source_subtype": "restaurant_kml",
        "target_layer": "RESTAURANTS",
        "validation_status": "SOURCE_EXTRACTED"
      },
      "type": "Feature"
    },
    {
      "geometry": {
        "coordinates": [
          13.216434,
          32.890299
        ],
        "type": "Point"
      },
      "properties": {
        "authoritative_boundary_claimed": false,
        "authority_status": "UNAPPROVED",
        "canonical_identity_approved": false,
        "governance_role": "LATEST_SUPPLIED_SNAPSHOT",
        "is_published": false,
        "is_validated": false,
        "publication_approved": false,
        "review_status": "REVIEW_REQUIRED",
        "source_attributes": {
          "Name": "كينج فرايد تشيكن‎‎‎",
          "description": "الوصف: <br>النوع: <br>العنوان: طرابلس النوفليين‎<br>وسائل الاتصال: <br>الهاتف: 092-1828222<br>placepageUri: https://www.google.com/earth/rpc/entity?lat=32.8866&amp;lng=13.1858&amp;fid=0x13a8928b3225523d:0xc56c574cbcbfabb4&amp;hl=ar&amp;gl=ly&amp;client=earth-client&amp;cv=7.3.6.10201&amp;useragent=GoogleEarth/7.3.6.10201(Windows;Microsoft Windows (6.2.9200.0);ar;kml:2.2;client:Pro;type:default)",
          "extended_data": {
            "placepageUri": "https://www.google.com/earth/rpc/entity?lat=32.8866&amp;lng=13.1858&amp;fid=0x13a8928b3225523d:0xc56c574cbcbfabb4&amp;hl=ar&amp;gl=ly&amp;client=earth-client&amp;cv=7.3.6.10201&amp;useragent=GoogleEarth/7.3.6.10201(Windows;Microsoft Windows (6.2.9200.0);ar;kml:2.2;client:Pro;type:default)",
            "العنوان": "طرابلس النوفليين‎",
            "النوع": null,
            "الهاتف": "092-1828222",
            "الوصف": null,
            "وسائل الاتصال": null
          },
          "kml_context_path": [
            "المطاعم في طرابلس",
            "المطاعم في طرابلس"
          ]
        },
        "source_composite_id": "KML_FC81306FF5:Placemark-41",
        "source_database": "المطاعم في طرابلس.kml",
        "source_feature_id": "Placemark-41",
        "source_filename_registry": "المطاعم في طرابلس(1).kml",
        "source_id": "KML_FC81306FF5",
        "source_layer": "المطاعم في طرابلس(1)",
        "source_subtype": "restaurant_kml",
        "target_layer": "RESTAURANTS",
        "validation_status": "SOURCE_EXTRACTED"
      },
      "type": "Feature"
    },
    {
      "geometry": {
        "coordinates": [
          13.197686,
          32.891206
        ],
        "type": "Point"
      },
      "properties": {
        "authoritative_boundary_claimed": false,
        "authority_status": "UNAPPROVED",
        "canonical_identity_approved": false,
        "governance_role": "LATEST_SUPPLIED_SNAPSHOT",
        "is_published": false,
        "is_validated": false,
        "publication_approved": false,
        "review_status": "REVIEW_REQUIRED",
        "source_attributes": {
          "Name": "مطعم البحباح‎‎‎",
          "description": "الوصف: <br>النوع: مأكولات متنوعة‎<br>العنوان: طرابلس فرع الظهرة‎<br>وسائل الاتصال: https://www.facebook.com/AlbahbahGrill/?locale=ar_AR<br>الهاتف: 0914441116<br>placepageUri: https://www.google.com/earth/rpc/entity?lat=32.8866&amp;lng=13.1858&amp;fid=0x13a89315f598ba95:0x6bdb3cbbf4ec22ac&amp;hl=ar&amp;gl=ly&amp;client=earth-client&amp;cv=7.3.6.10201&amp;useragent=GoogleEarth/7.3.6.10201(Windows;Microsoft Windows (6.2.9200.0);ar;kml:2.2;client:Pro;type:default)",
          "extended_data": {
            "placepageUri": "https://www.google.com/earth/rpc/entity?lat=32.8866&amp;lng=13.1858&amp;fid=0x13a89315f598ba95:0x6bdb3cbbf4ec22ac&amp;hl=ar&amp;gl=ly&amp;client=earth-client&amp;cv=7.3.6.10201&amp;useragent=GoogleEarth/7.3.6.10201(Windows;Microsoft Windows (6.2.9200.0);ar;kml:2.2;client:Pro;type:default)",
            "العنوان": "طرابلس فرع الظهرة‎",
            "النوع": "مأكولات متنوعة‎",
            "الهاتف": "0914441116",
            "الوصف": null,
            "وسائل الاتصال": "https://www.facebook.com/AlbahbahGrill/?locale=ar_AR"
          },
          "kml_context_path": [
            "المطاعم في طرابلس",
            "المطاعم في طرابلس"
          ]
        },
        "source_composite_id": "KML_FC81306FF5:Placemark-42",
        "source_database": "المطاعم في طرابلس.kml",
        "source_feature_id": "Placemark-42",
        "source_filename_registry": "المطاعم في طرابلس(1).kml",
        "source_id": "KML_FC81306FF5",
        "source_layer": "المطاعم في طرابلس(1)",
        "source_subtype": "restaurant_kml",
        "target_layer": "RESTAURANTS",
        "validation_status": "SOURCE_EXTRACTED"
      },
      "type": "Feature"
    },
    {
      "geometry": {
        "coordinates": [
          13.197493,
          32.877181
        ],
        "type": "Point"
      },
      "properties": {
        "authoritative_boundary_claimed": false,
        "authority_status": "UNAPPROVED",
        "canonical_identity_approved": false,
        "governance_role": "LATEST_SUPPLIED_SNAPSHOT",
        "is_published": false,
        "is_validated": false,
        "publication_approved": false,
        "review_status": "REVIEW_REQUIRED",
        "source_attributes": {
          "Name": "بيتزا فيرا‎‎‎",
          "description": "الوصف: <br>النوع: بيتزا ومعجنات‎<br>العنوان: طرابلس‎<br>وسائل الاتصال: https://www.facebook.com/p/Vera-pizza-100078375456395/<br>الهاتف: 091-8487691<br>placepageUri: https://www.google.com/earth/rpc/entity?lat=32.8866&amp;lng=13.1858&amp;fid=0x13a893415876d63b:0xac6815e4a8282045&amp;hl=ar&amp;gl=ly&amp;client=earth-client&amp;cv=7.3.6.10201&amp;useragent=GoogleEarth/7.3.6.10201(Windows;Microsoft Windows (6.2.9200.0);ar;kml:2.2;client:Pro;type:default)",
          "extended_data": {
            "placepageUri": "https://www.google.com/earth/rpc/entity?lat=32.8866&amp;lng=13.1858&amp;fid=0x13a893415876d63b:0xac6815e4a8282045&amp;hl=ar&amp;gl=ly&amp;client=earth-client&amp;cv=7.3.6.10201&amp;useragent=GoogleEarth/7.3.6.10201(Windows;Microsoft Windows (6.2.9200.0);ar;kml:2.2;client:Pro;type:default)",
            "العنوان": "طرابلس‎",
            "النوع": "بيتزا ومعجنات‎",
            "الهاتف": "091-8487691",
            "الوصف": null,
            "وسائل الاتصال": "https://www.facebook.com/p/Vera-pizza-100078375456395/"
          },
          "kml_context_path": [
            "المطاعم في طرابلس",
            "المطاعم في طرابلس"
          ]
        },
        "source_composite_id": "KML_FC81306FF5:Placemark-43",
        "source_database": "المطاعم في طرابلس.kml",
        "source_feature_id": "Placemark-43",
        "source_filename_registry": "المطاعم في طرابلس(1).kml",
        "source_id": "KML_FC81306FF5",
        "source_layer": "المطاعم في طرابلس(1)",
        "source_subtype": "restaurant_kml",
        "target_layer": "RESTAURANTS",
        "validation_status": "SOURCE_EXTRACTED"
      },
      "type": "Feature"
    },
    {
      "geometry": {
        "coordinates": [
          13.143308,
          32.878142
        ],
        "type": "Point"
      },
      "properties": {
        "authoritative_boundary_claimed": false,
        "authority_status": "UNAPPROVED",
        "canonical_identity_approved": false,
        "governance_role": "LATEST_SUPPLIED_SNAPSHOT",
        "is_published": false,
        "is_validated": false,
        "publication_approved": false,
        "review_status": "REVIEW_REQUIRED",
        "source_attributes": {
          "Name": "مطعم الروبيان للمأكولات البحرية‎‎‎",
          "description": "الوصف: <br>النوع: مأكولات بحرية‎<br>العنوان: طرابلس طريق الشط‎<br>وسائل الاتصال: https://www.facebook.com/Alrubian.Restuarant/?locale=ar_AR<br>الهاتف: 0910332000<br>placepageUri: https://www.google.com/earth/rpc/entity?lat=32.8866&amp;lng=13.1858&amp;fid=0x13a8ed456e4c0b7f:0x9a10066aceb5fd51&amp;hl=ar&amp;gl=ly&amp;client=earth-client&amp;cv=7.3.6.10201&amp;useragent=GoogleEarth/7.3.6.10201(Windows;Microsoft Windows (6.2.9200.0);ar;kml:2.2;client:Pro;type:default)",
          "extended_data": {
            "placepageUri": "https://www.google.com/earth/rpc/entity?lat=32.8866&amp;lng=13.1858&amp;fid=0x13a8ed456e4c0b7f:0x9a10066aceb5fd51&amp;hl=ar&amp;gl=ly&amp;client=earth-client&amp;cv=7.3.6.10201&amp;useragent=GoogleEarth/7.3.6.10201(Windows;Microsoft Windows (6.2.9200.0);ar;kml:2.2;client:Pro;type:default)",
            "العنوان": "طرابلس طريق الشط‎",
            "النوع": "مأكولات بحرية‎",
            "الهاتف": "0910332000",
            "الوصف": null,
            "وسائل الاتصال": "https://www.facebook.com/Alrubian.Restuarant/?locale=ar_AR"
          },
          "kml_context_path": [
            "المطاعم في طرابلس",
            "المطاعم في طرابلس"
          ]
        },
        "source_composite_id": "KML_FC81306FF5:Placemark-44",
        "source_database": "المطاعم في طرابلس.kml",
        "source_feature_id": "Placemark-44",
        "source_filename_registry": "المطاعم في طرابلس(1).kml",
        "source_id": "KML_FC81306FF5",
        "source_layer": "المطاعم في طرابلس(1)",
        "source_subtype": "restaurant_kml",
        "target_layer": "RESTAURANTS",
        "validation_status": "SOURCE_EXTRACTED"
      },
      "type": "Feature"
    },
    {
      "geometry": {
        "coordinates": [
          13.16477,
          32.886567
        ],
        "type": "Point"
      },
      "properties": {
        "authoritative_boundary_claimed": false,
        "authority_status": "UNAPPROVED",
        "canonical_identity_approved": false,
        "governance_role": "LATEST_SUPPLIED_SNAPSHOT",
        "is_published": false,
        "is_validated": false,
        "publication_approved": false,
        "review_status": "REVIEW_REQUIRED",
        "source_attributes": {
          "Name": "مطعم الزهراء 3‎‎‎",
          "description": "الوصف: متخصص في الأكل الشعبي‎<br>النوع: <br>العنوان: طرابلس غوط الشعال‎<br>وسائل الاتصال: https://www.facebook.com/p/%D9%85%D8%B7%D8%B9%D9%85-%D8%A7%D9%84%D8%B2%D9%87%D8%B1%D8%A7%D8%A1-%D9%84%D9%84%D9%85%D8%A3%D9%83%D9%88%D9%84%D8%A7%D8%AA-%D8%A7%D9%84%D8%B4%D8%B9%D8%A8%D9%8A%D8%A9-4-100063722096375/?locale=ar_AR<br>الهاتف: 091-5942608<br>placepageUri: https://www.google.com/earth/rpc/entity?lat=32.8866&amp;lng=13.1858&amp;fid=0x13a8ed30447243e3:0x24c0fe85651c685c&amp;hl=ar&amp;gl=ly&amp;client=earth-client&amp;cv=7.3.6.10201&amp;useragent=GoogleEarth/7.3.6.10201(Windows;Microsoft Windows (6.2.9200.0);ar;kml:2.2;client:Pro;type:default)",
          "extended_data": {
            "placepageUri": "https://www.google.com/earth/rpc/entity?lat=32.8866&amp;lng=13.1858&amp;fid=0x13a8ed30447243e3:0x24c0fe85651c685c&amp;hl=ar&amp;gl=ly&amp;client=earth-client&amp;cv=7.3.6.10201&amp;useragent=GoogleEarth/7.3.6.10201(Windows;Microsoft Windows (6.2.9200.0);ar;kml:2.2;client:Pro;type:default)",
            "العنوان": "طرابلس غوط الشعال‎",
            "النوع": null,
            "الهاتف": "091-5942608",
            "الوصف": "متخصص في الأكل الشعبي‎",
            "وسائل الاتصال": "https://www.facebook.com/p/%D9%85%D8%B7%D8%B9%D9%85-%D8%A7%D9%84%D8%B2%D9%87%D8%B1%D8%A7%D8%A1-%D9%84%D9%84%D9%85%D8%A3%D9%83%D9%88%D9%84%D8%A7%D8%AA-%D8%A7%D9%84%D8%B4%D8%B9%D8%A8%D9%8A%D8%A9-4-100063722096375/?locale=ar_AR"
          },
          "kml_context_path": [
            "المطاعم في طرابلس",
            "المطاعم في طرابلس"
          ]
        },
        "source_composite_id": "KML_FC81306FF5:Placemark-45",
        "source_database": "المطاعم في طرابلس.kml",
        "source_feature_id": "Placemark-45",
        "source_filename_registry": "المطاعم في طرابلس(1).kml",
        "source_id": "KML_FC81306FF5",
        "source_layer": "المطاعم في طرابلس(1)",
        "source_subtype": "restaurant_kml",
        "target_layer": "RESTAURANTS",
        "validation_status": "SOURCE_EXTRACTED"
      },
      "type": "Feature"
    },
    {
      "geometry": {
        "coordinates": [
          13.211462,
          32.891481
        ],
        "type": "Point"
      },
      "properties": {
        "authoritative_boundary_claimed": false,
        "authority_status": "UNAPPROVED",
        "canonical_identity_approved": false,
        "governance_role": "LATEST_SUPPLIED_SNAPSHOT",
        "is_published": false,
        "is_validated": false,
        "publication_approved": false,
        "review_status": "REVIEW_REQUIRED",
        "source_attributes": {
          "Name": "Hk pizza",
          "description": "الوصف: نقدم البيتزا واغلب المكرونات الإيطالية ‎<br>النوع: <br>العنوان: طرابلس النوفليين‎<br>وسائل الاتصال: https://www.facebook.com/p/Hk-pizza-pasta-restaurant-100080376070518/<br>الهاتف: 094-4414244<br>placepageUri: https://www.google.com/earth/rpc/entity?lat=32.8866&amp;lng=13.1858&amp;fid=0x13a893dd280ba5ed:0x36870a32451213d5&amp;hl=ar&amp;gl=ly&amp;client=earth-client&amp;cv=7.3.6.10201&amp;useragent=GoogleEarth/7.3.6.10201(Windows;Microsoft Windows (6.2.9200.0);ar;kml:2.2;client:Pro;type:default)",
          "extended_data": {
            "placepageUri": "https://www.google.com/earth/rpc/entity?lat=32.8866&amp;lng=13.1858&amp;fid=0x13a893dd280ba5ed:0x36870a32451213d5&amp;hl=ar&amp;gl=ly&amp;client=earth-client&amp;cv=7.3.6.10201&amp;useragent=GoogleEarth/7.3.6.10201(Windows;Microsoft Windows (6.2.9200.0);ar;kml:2.2;client:Pro;type:default)",
            "العنوان": "طرابلس النوفليين‎",
            "النوع": null,
            "الهاتف": "094-4414244",
            "الوصف": "نقدم البيتزا واغلب المكرونات الإيطالية ‎",
            "وسائل الاتصال": "https://www.facebook.com/p/Hk-pizza-pasta-restaurant-100080376070518/"
          },
          "kml_context_path": [
            "المطاعم في طرابلس",
            "المطاعم في طرابلس"
          ]
        },
        "source_composite_id": "KML_FC81306FF5:Placemark-46",
        "source_database": "المطاعم في طرابلس.kml",
        "source_feature_id": "Placemark-46",
        "source_filename_registry": "المطاعم في طرابلس(1).kml",
        "source_id": "KML_FC81306FF5",
        "source_layer": "المطاعم في طرابلس(1)",
        "source_subtype": "restaurant_kml",
        "target_layer": "RESTAURANTS",
        "validation_status": "SOURCE_EXTRACTED"
      },
      "type": "Feature"
    },
    {
      "geometry": {
        "coordinates": [
          13.200491,
          32.892862
        ],
        "type": "Point"
      },
      "properties": {
        "authoritative_boundary_claimed": false,
        "authority_status": "UNAPPROVED",
        "canonical_identity_approved": false,
        "governance_role": "LATEST_SUPPLIED_SNAPSHOT",
        "is_published": false,
        "is_validated": false,
        "publication_approved": false,
        "review_status": "REVIEW_REQUIRED",
        "source_attributes": {
          "Name": "Pamplona cafe",
          "description": "الوصف: <br>النوع: مطعم وجبات سريعة‏‎<br>العنوان: <br>وسائل الاتصال: https://www.facebook.com/Pamplona.ly/?locale=ar_AR<br>الهاتف: 091-1939250<br>placepageUri: https://www.google.com/earth/rpc/entity?lat=32.8866&amp;lng=13.1858&amp;fid=0x13a892924fd4829f:0xb199c0362816abac&amp;hl=ar&amp;gl=ly&amp;client=earth-client&amp;cv=7.3.6.10201&amp;useragent=GoogleEarth/7.3.6.10201(Windows;Microsoft Windows (6.2.9200.0);ar;kml:2.2;client:Pro;type:default)",
          "extended_data": {
            "placepageUri": "https://www.google.com/earth/rpc/entity?lat=32.8866&amp;lng=13.1858&amp;fid=0x13a892924fd4829f:0xb199c0362816abac&amp;hl=ar&amp;gl=ly&amp;client=earth-client&amp;cv=7.3.6.10201&amp;useragent=GoogleEarth/7.3.6.10201(Windows;Microsoft Windows (6.2.9200.0);ar;kml:2.2;client:Pro;type:default)",
            "العنوان": null,
            "النوع": "مطعم وجبات سريعة‏‎",
            "الهاتف": "091-1939250",
            "الوصف": null,
            "وسائل الاتصال": "https://www.facebook.com/Pamplona.ly/?locale=ar_AR"
          },
          "kml_context_path": [
            "المطاعم في طرابلس",
            "المطاعم في طرابلس"
          ]
        },
        "source_composite_id": "KML_FC81306FF5:Placemark-47",
        "source_database": "المطاعم في طرابلس.kml",
        "source_feature_id": "Placemark-47",
        "source_filename_registry": "المطاعم في طرابلس(1).kml",
        "source_id": "KML_FC81306FF5",
        "source_layer": "المطاعم في طرابلس(1)",
        "source_subtype": "restaurant_kml",
        "target_layer": "RESTAURANTS",
        "validation_status": "SOURCE_EXTRACTED"
      },
      "type": "Feature"
    },
    {
      "geometry": {
        "coordinates": [
          13.176297,
          32.891514
        ],
        "type": "Point"
      },
      "properties": {
        "authoritative_boundary_claimed": false,
        "authority_status": "UNAPPROVED",
        "canonical_identity_approved": false,
        "governance_role": "LATEST_SUPPLIED_SNAPSHOT",
        "is_published": false,
        "is_validated": false,
        "publication_approved": false,
        "review_status": "REVIEW_REQUIRED",
        "source_attributes": {
          "Name": "Bono bono restaurant المطعم التركي‎",
          "description": "الوصف: <br>النوع: للوجبات السريعة‎<br>العنوان: بن عاشور الجرابه‎<br>وسائل الاتصال: https://www.facebook.com/people/Bono-%D8%A8%D9%88%D9%86%D9%88/100063505811147/?locale=km_KH#<br>الهاتف: 091-0404689<br>placepageUri: https://www.google.com/earth/rpc/entity?lat=32.8866&amp;lng=13.1858&amp;fid=0x13a892cb02902079:0x6f69b0d9044ab087&amp;hl=ar&amp;gl=ly&amp;client=earth-client&amp;cv=7.3.6.10201&amp;useragent=GoogleEarth/7.3.6.10201(Windows;Microsoft Windows (6.2.9200.0);ar;kml:2.2;client:Pro;type:default)",
          "extended_data": {
            "placepageUri": "https://www.google.com/earth/rpc/entity?lat=32.8866&amp;lng=13.1858&amp;fid=0x13a892cb02902079:0x6f69b0d9044ab087&amp;hl=ar&amp;gl=ly&amp;client=earth-client&amp;cv=7.3.6.10201&amp;useragent=GoogleEarth/7.3.6.10201(Windows;Microsoft Windows (6.2.9200.0);ar;kml:2.2;client:Pro;type:default)",
            "العنوان": "بن عاشور الجرابه‎",
            "النوع": "للوجبات السريعة‎",
            "الهاتف": "091-0404689",
            "الوصف": null,
            "وسائل الاتصال": "https://www.facebook.com/people/Bono-%D8%A8%D9%88%D9%86%D9%88/100063505811147/?locale=km_KH#"
          },
          "kml_context_path": [
            "المطاعم في طرابلس",
            "المطاعم في طرابلس"
          ]
        },
        "source_composite_id": "KML_FC81306FF5:Placemark-48",
        "source_database": "المطاعم في طرابلس.kml",
        "source_feature_id": "Placemark-48",
        "source_filename_registry": "المطاعم في طرابلس(1).kml",
        "source_id": "KML_FC81306FF5",
        "source_layer": "المطاعم في طرابلس(1)",
        "source_subtype": "restaurant_kml",
        "target_layer": "RESTAURANTS",
        "validation_status": "SOURCE_EXTRACTED"
      },
      "type": "Feature"
    },
    {
      "geometry": {
        "coordinates": [
          13.180983,
          32.894226
        ],
        "type": "Point"
      },
      "properties": {
        "authoritative_boundary_claimed": false,
        "authority_status": "UNAPPROVED",
        "canonical_identity_approved": false,
        "governance_role": "LATEST_SUPPLIED_SNAPSHOT",
        "is_published": false,
        "is_validated": false,
        "publication_approved": false,
        "review_status": "REVIEW_REQUIRED",
        "source_attributes": {
          "Name": "مقهى البريوشة‎‎‎",
          "description": "الوصف: <br>النوع: مقهى‏‎<br>العنوان: ميدان الشهداء ‎<br>وسائل الاتصال: https://www.facebook.com/baryousha/?locale=ar_AR<br>الهاتف: 091-0402500<br>placepageUri: https://www.google.com/earth/rpc/entity?lat=32.8866&amp;lng=13.1858&amp;fid=0x13a893a45997a425:0xa15c6db1bcf6e9c9&amp;hl=ar&amp;gl=ly&amp;client=earth-client&amp;cv=7.3.6.10201&amp;useragent=GoogleEarth/7.3.6.10201(Windows;Microsoft Windows (6.2.9200.0);ar;kml:2.2;client:Pro;type:default)",
          "extended_data": {
            "placepageUri": "https://www.google.com/earth/rpc/entity?lat=32.8866&amp;lng=13.1858&amp;fid=0x13a893a45997a425:0xa15c6db1bcf6e9c9&amp;hl=ar&amp;gl=ly&amp;client=earth-client&amp;cv=7.3.6.10201&amp;useragent=GoogleEarth/7.3.6.10201(Windows;Microsoft Windows (6.2.9200.0);ar;kml:2.2;client:Pro;type:default)",
            "العنوان": "ميدان الشهداء ‎",
            "النوع": "مقهى‏‎",
            "الهاتف": "091-0402500",
            "الوصف": null,
            "وسائل الاتصال": "https://www.facebook.com/baryousha/?locale=ar_AR"
          },
          "kml_context_path": [
            "المطاعم في طرابلس",
            "المطاعم في طرابلس"
          ]
        },
        "source_composite_id": "KML_FC81306FF5:Placemark-49",
        "source_database": "المطاعم في طرابلس.kml",
        "source_feature_id": "Placemark-49",
        "source_filename_registry": "المطاعم في طرابلس(1).kml",
        "source_id": "KML_FC81306FF5",
        "source_layer": "المطاعم في طرابلس(1)",
        "source_subtype": "restaurant_kml",
        "target_layer": "RESTAURANTS",
        "validation_status": "SOURCE_EXTRACTED"
      },
      "type": "Feature"
    },
    {
      "geometry": {
        "coordinates": [
          13.183626,
          32.880417
        ],
        "type": "Point"
      },
      "properties": {
        "authoritative_boundary_claimed": false,
        "authority_status": "UNAPPROVED",
        "canonical_identity_approved": false,
        "governance_role": "LATEST_SUPPLIED_SNAPSHOT",
        "is_published": false,
        "is_validated": false,
        "publication_approved": false,
        "review_status": "REVIEW_REQUIRED",
        "source_attributes": {
          "Name": "بيتزا الفورنو شارع الجمهورية‎‎‎",
          "description": "الوصف: <br>النوع: مطعم بيتزا‏‎<br>العنوان: تاجوراء ‎<br>وسائل الاتصال: https://www.facebook.com/p/%D8%A7%D9%84%D9%81%D9%88%D8%B1%D9%86%D9%88-%D8%A8%D9%8A%D8%AA%D8%B2%D8%A7-El-forno-pizza-100064835462773/?locale=ar_AR<br>الهاتف: 091-8806005<br>placepageUri: https://www.google.com/earth/rpc/entity?lat=32.8866&amp;lng=13.1858&amp;fid=0x13a892d05b2b6fa1:0x5cd84043868689d7&amp;hl=ar&amp;gl=ly&amp;client=earth-client&amp;cv=7.3.6.10201&amp;useragent=GoogleEarth/7.3.6.10201(Windows;Microsoft Windows (6.2.9200.0);ar;kml:2.2;client:Pro;type:default)",
          "extended_data": {
            "placepageUri": "https://www.google.com/earth/rpc/entity?lat=32.8866&amp;lng=13.1858&amp;fid=0x13a892d05b2b6fa1:0x5cd84043868689d7&amp;hl=ar&amp;gl=ly&amp;client=earth-client&amp;cv=7.3.6.10201&amp;useragent=GoogleEarth/7.3.6.10201(Windows;Microsoft Windows (6.2.9200.0);ar;kml:2.2;client:Pro;type:default)",
            "العنوان": "تاجوراء ‎",
            "النوع": "مطعم بيتزا‏‎",
            "الهاتف": "091-8806005",
            "الوصف": null,
            "وسائل الاتصال": "https://www.facebook.com/p/%D8%A7%D9%84%D9%81%D9%88%D8%B1%D9%86%D9%88-%D8%A8%D9%8A%D8%AA%D8%B2%D8%A7-El-forno-pizza-100064835462773/?locale=ar_AR"
          },
          "kml_context_path": [
            "المطاعم في طرابلس",
            "المطاعم في طرابلس"
          ]
        },
        "source_composite_id": "KML_FC81306FF5:Placemark-50",
        "source_database": "المطاعم في طرابلس.kml",
        "source_feature_id": "Placemark-50",
        "source_filename_registry": "المطاعم في طرابلس(1).kml",
        "source_id": "KML_FC81306FF5",
        "source_layer": "المطاعم في طرابلس(1)",
        "source_subtype": "restaurant_kml",
        "target_layer": "RESTAURANTS",
        "validation_status": "SOURCE_EXTRACTED"
      },
      "type": "Feature"
    },
    {
      "geometry": {
        "coordinates": [
          13.181427,
          32.894281
        ],
        "type": "Point"
      },
      "properties": {
        "authoritative_boundary_claimed": false,
        "authority_status": "UNAPPROVED",
        "canonical_identity_approved": false,
        "governance_role": "LATEST_SUPPLIED_SNAPSHOT",
        "is_published": false,
        "is_validated": false,
        "publication_approved": false,
        "review_status": "REVIEW_REQUIRED",
        "source_attributes": {
          "Name": "Kudo restaurant",
          "description": "الوصف: <br>النوع: وجبات سريعة‎<br>العنوان: السياحية ‎<br>وسائل الاتصال: https://www.facebook.com/people/%D9%83%D9%88%D8%AF%D9%88-%D8%B3%D9%8A%D8%A7%D8%AD%D9%8A%D8%A9/61579779791272/?locale=ar_AR#<br>الهاتف: 0948021818<br>placepageUri: https://www.google.com/earth/rpc/entity?lat=32.8866&amp;lng=13.1858&amp;fid=0x13a8933862d4d3e9:0xa9c61d1506b6351b&amp;hl=ar&amp;gl=ly&amp;client=earth-client&amp;cv=7.3.6.10201&amp;useragent=GoogleEarth/7.3.6.10201(Windows;Microsoft Windows (6.2.9200.0);ar;kml:2.2;client:Pro;type:default)",
          "extended_data": {
            "placepageUri": "https://www.google.com/earth/rpc/entity?lat=32.8866&amp;lng=13.1858&amp;fid=0x13a8933862d4d3e9:0xa9c61d1506b6351b&amp;hl=ar&amp;gl=ly&amp;client=earth-client&amp;cv=7.3.6.10201&amp;useragent=GoogleEarth/7.3.6.10201(Windows;Microsoft Windows (6.2.9200.0);ar;kml:2.2;client:Pro;type:default)",
            "العنوان": "السياحية ‎",
            "النوع": "وجبات سريعة‎",
            "الهاتف": "0948021818",
            "الوصف": null,
            "وسائل الاتصال": "https://www.facebook.com/people/%D9%83%D9%88%D8%AF%D9%88-%D8%B3%D9%8A%D8%A7%D8%AD%D9%8A%D8%A9/61579779791272/?locale=ar_AR#"
          },
          "kml_context_path": [
            "المطاعم في طرابلس",
            "المطاعم في طرابلس"
          ]
        },
        "source_composite_id": "KML_FC81306FF5:Placemark-51",
        "source_database": "المطاعم في طرابلس.kml",
        "source_feature_id": "Placemark-51",
        "source_filename_registry": "المطاعم في طرابلس(1).kml",
        "source_id": "KML_FC81306FF5",
        "source_layer": "المطاعم في طرابلس(1)",
        "source_subtype": "restaurant_kml",
        "target_layer": "RESTAURANTS",
        "validation_status": "SOURCE_EXTRACTED"
      },
      "type": "Feature"
    },
    {
      "geometry": {
        "coordinates": [
          13.197512,
          32.891594
        ],
        "type": "Point"
      },
      "properties": {
        "authoritative_boundary_claimed": false,
        "authority_status": "UNAPPROVED",
        "canonical_identity_approved": false,
        "governance_role": "LATEST_SUPPLIED_SNAPSHOT",
        "is_published": false,
        "is_validated": false,
        "publication_approved": false,
        "review_status": "REVIEW_REQUIRED",
        "source_attributes": {
          "Name": "Maracana fast food",
          "description": "الوصف: <br>النوع: وجبات سريعة‎<br>العنوان: نادي الظهرة، شارع الالكترونات طرابلس‎<br>وسائل الاتصال: https://www.facebook.com/p/Maracana-%D9%85%D8%A7%D8%B1%D8%A7%D9%83%D8%A7%D9%86%D8%A7-%D9%84%D9%84%D9%88%D8%AC%D8%A8%D8%A7%D8%AA-%D8%A7%D9%84%D8%B3%D8%B1%D9%8A%D8%B9%D8%A9-100083840527363/<br>الهاتف: 0923432010<br>placepageUri: https://www.google.com/earth/rpc/entity?lat=32.8866&amp;lng=13.1858&amp;fid=0x13a89394d30a8fb5:0xc69796ec2f5fbbaf&amp;hl=ar&amp;gl=ly&amp;client=earth-client&amp;cv=7.3.6.10201&amp;useragent=GoogleEarth/7.3.6.10201(Windows;Microsoft Windows (6.2.9200.0);ar;kml:2.2;client:Pro;type:default)",
          "extended_data": {
            "placepageUri": "https://www.google.com/earth/rpc/entity?lat=32.8866&amp;lng=13.1858&amp;fid=0x13a89394d30a8fb5:0xc69796ec2f5fbbaf&amp;hl=ar&amp;gl=ly&amp;client=earth-client&amp;cv=7.3.6.10201&amp;useragent=GoogleEarth/7.3.6.10201(Windows;Microsoft Windows (6.2.9200.0);ar;kml:2.2;client:Pro;type:default)",
            "العنوان": "نادي الظهرة، شارع الالكترونات طرابلس‎",
            "النوع": "وجبات سريعة‎",
            "الهاتف": "0923432010",
            "الوصف": null,
            "وسائل الاتصال": "https://www.facebook.com/p/Maracana-%D9%85%D8%A7%D8%B1%D8%A7%D9%83%D8%A7%D9%86%D8%A7-%D9%84%D9%84%D9%88%D8%AC%D8%A8%D8%A7%D8%AA-%D8%A7%D9%84%D8%B3%D8%B1%D9%8A%D8%B9%D8%A9-100083840527363/"
          },
          "kml_context_path": [
            "المطاعم في طرابلس",
            "المطاعم في طرابلس"
          ]
        },
        "source_composite_id": "KML_FC81306FF5:Placemark-52",
        "source_database": "المطاعم في طرابلس.kml",
        "source_feature_id": "Placemark-52",
        "source_filename_registry": "المطاعم في طرابلس(1).kml",
        "source_id": "KML_FC81306FF5",
        "source_layer": "المطاعم في طرابلس(1)",
        "source_subtype": "restaurant_kml",
        "target_layer": "RESTAURANTS",
        "validation_status": "SOURCE_EXTRACTED"
      },
      "type": "Feature"
    },
    {
      "geometry": {
        "coordinates": [
          13.17619,
          32.89182
        ],
        "type": "Point"
      },
      "properties": {
        "authoritative_boundary_claimed": false,
        "authority_status": "UNAPPROVED",
        "canonical_identity_approved": false,
        "governance_role": "LATEST_SUPPLIED_SNAPSHOT",
        "is_published": false,
        "is_validated": false,
        "publication_approved": false,
        "review_status": "REVIEW_REQUIRED",
        "source_attributes": {
          "Name": "مطعم أضنة ADANA‎‎‎",
          "description": "الوصف: <br>النوع: أكل تركي‎<br>العنوان: ‏طرابلس‏‎<br>وسائل الاتصال: https://www.facebook.com/adana.resturant/<br>الهاتف: 0911711482<br>placepageUri: https://www.google.com/earth/rpc/entity?lat=32.8866&amp;lng=13.1858&amp;fid=0x13a893add8eb0de9:0x4a4a9e5214706db0&amp;hl=ar&amp;gl=ly&amp;client=earth-client&amp;cv=7.3.6.10201&amp;useragent=GoogleEarth/7.3.6.10201(Windows;Microsoft Windows (6.2.9200.0);ar;kml:2.2;client:Pro;type:default)",
          "extended_data": {
            "placepageUri": "https://www.google.com/earth/rpc/entity?lat=32.8866&amp;lng=13.1858&amp;fid=0x13a893add8eb0de9:0x4a4a9e5214706db0&amp;hl=ar&amp;gl=ly&amp;client=earth-client&amp;cv=7.3.6.10201&amp;useragent=GoogleEarth/7.3.6.10201(Windows;Microsoft Windows (6.2.9200.0);ar;kml:2.2;client:Pro;type:default)",
            "العنوان": "‏طرابلس‏‎",
            "النوع": "أكل تركي‎",
            "الهاتف": "0911711482",
            "الوصف": null,
            "وسائل الاتصال": "https://www.facebook.com/adana.resturant/"
          },
          "kml_context_path": [
            "المطاعم في طرابلس",
            "المطاعم في طرابلس"
          ]
        },
        "source_composite_id": "KML_FC81306FF5:Placemark-53",
        "source_database": "المطاعم في طرابلس.kml",
        "source_feature_id": "Placemark-53",
        "source_filename_registry": "المطاعم في طرابلس(1).kml",
        "source_id": "KML_FC81306FF5",
        "source_layer": "المطاعم في طرابلس(1)",
        "source_subtype": "restaurant_kml",
        "target_layer": "RESTAURANTS",
        "validation_status": "SOURCE_EXTRACTED"
      },
      "type": "Feature"
    },
    {
      "geometry": {
        "coordinates": [
          13.165136,
          32.886017
        ],
        "type": "Point"
      },
      "properties": {
        "authoritative_boundary_claimed": false,
        "authority_status": "UNAPPROVED",
        "canonical_identity_approved": false,
        "governance_role": "LATEST_SUPPLIED_SNAPSHOT",
        "is_published": false,
        "is_validated": false,
        "publication_approved": false,
        "review_status": "REVIEW_REQUIRED",
        "source_attributes": {
          "Name": "مطعم على الفحم‎‎‎",
          "description": "الوصف: <br>النوع: مأكولات سريعة‎<br>العنوان: عمر المختار‎<br>وسائل الاتصال: https://www.facebook.com/3.alf7mm/?locale=ar_AR<br>الهاتف: 0924139722<br>placepageUri: https://www.google.com/earth/rpc/entity?lat=32.8866&amp;lng=13.1858&amp;fid=0x13a8edee3327cca7:0xed113e7ecdf7419&amp;hl=ar&amp;gl=ly&amp;client=earth-client&amp;cv=7.3.6.10201&amp;useragent=GoogleEarth/7.3.6.10201(Windows;Microsoft Windows (6.2.9200.0);ar;kml:2.2;client:Pro;type:default)",
          "extended_data": {
            "placepageUri": "https://www.google.com/earth/rpc/entity?lat=32.8866&amp;lng=13.1858&amp;fid=0x13a8edee3327cca7:0xed113e7ecdf7419&amp;hl=ar&amp;gl=ly&amp;client=earth-client&amp;cv=7.3.6.10201&amp;useragent=GoogleEarth/7.3.6.10201(Windows;Microsoft Windows (6.2.9200.0);ar;kml:2.2;client:Pro;type:default)",
            "العنوان": "عمر المختار‎",
            "النوع": "مأكولات سريعة‎",
            "الهاتف": "0924139722",
            "الوصف": null,
            "وسائل الاتصال": "https://www.facebook.com/3.alf7mm/?locale=ar_AR"
          },
          "kml_context_path": [
            "المطاعم في طرابلس",
            "المطاعم في طرابلس"
          ]
        },
        "source_composite_id": "KML_FC81306FF5:Placemark-54",
        "source_database": "المطاعم في طرابلس.kml",
        "source_feature_id": "Placemark-54",
        "source_filename_registry": "المطاعم في طرابلس(1).kml",
        "source_id": "KML_FC81306FF5",
        "source_layer": "المطاعم في طرابلس(1)",
        "source_subtype": "restaurant_kml",
        "target_layer": "RESTAURANTS",
        "validation_status": "SOURCE_EXTRACTED"
      },
      "type": "Feature"
    },
    {
      "geometry": {
        "coordinates": [
          13.193646,
          32.888671
        ],
        "type": "Point"
      },
      "properties": {
        "authoritative_boundary_claimed": false,
        "authority_status": "UNAPPROVED",
        "canonical_identity_approved": false,
        "governance_role": "LATEST_SUPPLIED_SNAPSHOT",
        "is_published": false,
        "is_validated": false,
        "publication_approved": false,
        "review_status": "REVIEW_REQUIRED",
        "source_attributes": {
          "Name": "De Capri Cafe And Restaurant",
          "description": "الوصف: <br>النوع: أطباق الإيطالية ‎<br>العنوان: الظهرة‎<br>وسائل الاتصال: https://www.facebook.com/DeCapriRestaurant/<br>الهاتف: 093-1997641<br>placepageUri: https://www.google.com/earth/rpc/entity?lat=32.8866&amp;lng=13.1858&amp;fid=0x13a893b383ee0f7f:0xed22d82754e8bdb3&amp;hl=ar&amp;gl=ly&amp;client=earth-client&amp;cv=7.3.6.10201&amp;useragent=GoogleEarth/7.3.6.10201(Windows;Microsoft Windows (6.2.9200.0);ar;kml:2.2;client:Pro;type:default)",
          "extended_data": {
            "placepageUri": "https://www.google.com/earth/rpc/entity?lat=32.8866&amp;lng=13.1858&amp;fid=0x13a893b383ee0f7f:0xed22d82754e8bdb3&amp;hl=ar&amp;gl=ly&amp;client=earth-client&amp;cv=7.3.6.10201&amp;useragent=GoogleEarth/7.3.6.10201(Windows;Microsoft Windows (6.2.9200.0);ar;kml:2.2;client:Pro;type:default)",
            "العنوان": "الظهرة‎",
            "النوع": "أطباق الإيطالية ‎",
            "الهاتف": "093-1997641",
            "الوصف": null,
            "وسائل الاتصال": "https://www.facebook.com/DeCapriRestaurant/"
          },
          "kml_context_path": [
            "المطاعم في طرابلس",
            "المطاعم في طرابلس"
          ]
        },
        "source_composite_id": "KML_FC81306FF5:Placemark-55",
        "source_database": "المطاعم في طرابلس.kml",
        "source_feature_id": "Placemark-55",
        "source_filename_registry": "المطاعم في طرابلس(1).kml",
        "source_id": "KML_FC81306FF5",
        "source_layer": "المطاعم في طرابلس(1)",
        "source_subtype": "restaurant_kml",
        "target_layer": "RESTAURANTS",
        "validation_status": "SOURCE_EXTRACTED"
      },
      "type": "Feature"
    },
    {
      "geometry": {
        "coordinates": [
          13.188237,
          32.890929
        ],
        "type": "Point"
      },
      "properties": {
        "authoritative_boundary_claimed": false,
        "authority_status": "UNAPPROVED",
        "canonical_identity_approved": false,
        "governance_role": "LATEST_SUPPLIED_SNAPSHOT",
        "is_published": false,
        "is_validated": false,
        "publication_approved": false,
        "review_status": "REVIEW_REQUIRED",
        "source_attributes": {
          "Name": "مطعم بورصة التركي‎‎‎",
          "description": "الوصف: <br>النوع: يقدم افضل المشاوي علي الطريقة التركية ‎<br>العنوان: عين زاره المشتل‎<br>وسائل الاتصال: https://www.facebook.com/borsabursa.restarunt/?locale=ar_AR<br>الهاتف: 092-6194804<br>placepageUri: https://www.google.com/earth/rpc/entity?lat=32.8866&amp;lng=13.1858&amp;fid=0x13a8933f2eeaee7f:0xaa03736583ff5518&amp;hl=ar&amp;gl=ly&amp;client=earth-client&amp;cv=7.3.6.10201&amp;useragent=GoogleEarth/7.3.6.10201(Windows;Microsoft Windows (6.2.9200.0);ar;kml:2.2;client:Pro;type:default)",
          "extended_data": {
            "placepageUri": "https://www.google.com/earth/rpc/entity?lat=32.8866&amp;lng=13.1858&amp;fid=0x13a8933f2eeaee7f:0xaa03736583ff5518&amp;hl=ar&amp;gl=ly&amp;client=earth-client&amp;cv=7.3.6.10201&amp;useragent=GoogleEarth/7.3.6.10201(Windows;Microsoft Windows (6.2.9200.0);ar;kml:2.2;client:Pro;type:default)",
            "العنوان": "عين زاره المشتل‎",
            "النوع": "يقدم افضل المشاوي علي الطريقة التركية ‎",
            "الهاتف": "092-6194804",
            "الوصف": null,
            "وسائل الاتصال": "https://www.facebook.com/borsabursa.restarunt/?locale=ar_AR"
          },
          "kml_context_path": [
            "المطاعم في طرابلس",
            "المطاعم في طرابلس"
          ]
        },
        "source_composite_id": "KML_FC81306FF5:Placemark-56",
        "source_database": "المطاعم في طرابلس.kml",
        "source_feature_id": "Placemark-56",
        "source_filename_registry": "المطاعم في طرابلس(1).kml",
        "source_id": "KML_FC81306FF5",
        "source_layer": "المطاعم في طرابلس(1)",
        "source_subtype": "restaurant_kml",
        "target_layer": "RESTAURANTS",
        "validation_status": "SOURCE_EXTRACTED"
      },
      "type": "Feature"
    },
    {
      "geometry": {
        "coordinates": [
          13.187186,
          32.887711
        ],
        "type": "Point"
      },
      "properties": {
        "authoritative_boundary_claimed": false,
        "authority_status": "UNAPPROVED",
        "canonical_identity_approved": false,
        "governance_role": "LATEST_SUPPLIED_SNAPSHOT",
        "is_published": false,
        "is_validated": false,
        "publication_approved": false,
        "review_status": "REVIEW_REQUIRED",
        "source_attributes": {
          "Name": "مطعم الضاحية‎‎‎",
          "description": "الوصف: <br>النوع: وجبات سريعة‎<br>العنوان: خلة الفرجان طرابلس‎<br>وسائل الاتصال: https://www.facebook.com/people/%D9%85%D8%B7%D8%B9%D9%85-%D8%A7%D9%84%D8%B6%D8%A7%D8%AD%D9%8A%D8%A9-%D9%84%D9%84%D9%88%D8%AC%D8%A8%D8%A7%D8%AA-%D8%A7%D9%84%D8%B3%D8%B1%D9%8A%D8%B9%D8%A9/100063798081775/#<br>الهاتف: 091-8105154<br>placepageUri: https://www.google.com/earth/rpc/entity?lat=32.8866&amp;lng=13.1858&amp;fid=0x13a895f3435d7ce5:0xc1ebd5e552756e4d&amp;hl=ar&amp;gl=ly&amp;client=earth-client&amp;cv=7.3.6.10201&amp;useragent=GoogleEarth/7.3.6.10201(Windows;Microsoft Windows (6.2.9200.0);ar;kml:2.2;client:Pro;type:default)",
          "extended_data": {
            "placepageUri": "https://www.google.com/earth/rpc/entity?lat=32.8866&amp;lng=13.1858&amp;fid=0x13a895f3435d7ce5:0xc1ebd5e552756e4d&amp;hl=ar&amp;gl=ly&amp;client=earth-client&amp;cv=7.3.6.10201&amp;useragent=GoogleEarth/7.3.6.10201(Windows;Microsoft Windows (6.2.9200.0);ar;kml:2.2;client:Pro;type:default)",
            "العنوان": "خلة الفرجان طرابلس‎",
            "النوع": "وجبات سريعة‎",
            "الهاتف": "091-8105154",
            "الوصف": null,
            "وسائل الاتصال": "https://www.facebook.com/people/%D9%85%D8%B7%D8%B9%D9%85-%D8%A7%D9%84%D8%B6%D8%A7%D8%AD%D9%8A%D8%A9-%D9%84%D9%84%D9%88%D8%AC%D8%A8%D8%A7%D8%AA-%D8%A7%D9%84%D8%B3%D8%B1%D9%8A%D8%B9%D8%A9/100063798081775/#"
          },
          "kml_context_path": [
            "المطاعم في طرابلس",
            "المطاعم في طرابلس"
          ]
        },
        "source_composite_id": "KML_FC81306FF5:Placemark-57",
        "source_database": "المطاعم في طرابلس.kml",
        "source_feature_id": "Placemark-57",
        "source_filename_registry": "المطاعم في طرابلس(1).kml",
        "source_id": "KML_FC81306FF5",
        "source_layer": "المطاعم في طرابلس(1)",
        "source_subtype": "restaurant_kml",
        "target_layer": "RESTAURANTS",
        "validation_status": "SOURCE_EXTRACTED"
      },
      "type": "Feature"
    },
    {
      "geometry": {
        "coordinates": [
          13.181219,
          32.894018
        ],
        "type": "Point"
      },
      "properties": {
        "authoritative_boundary_claimed": false,
        "authority_status": "UNAPPROVED",
        "canonical_identity_approved": false,
        "governance_role": "LATEST_SUPPLIED_SNAPSHOT",
        "is_published": false,
        "is_validated": false,
        "publication_approved": false,
        "review_status": "REVIEW_REQUIRED",
        "source_attributes": {
          "Name": "Pizza Restaurant",
          "description": "الوصف: <br>النوع: مأكولات إيطالية‎<br>العنوان: طرابلس‎<br>وسائل الاتصال: https://www.facebook.com/original.cafe.Tripoli/<br>الهاتف: 091-1706565<br>placepageUri: https://www.google.com/earth/rpc/entity?lat=32.8866&amp;lng=13.1858&amp;fid=0x13a892b61f76f09f:0xd36dcaf09d4151a1&amp;hl=ar&amp;gl=ly&amp;client=earth-client&amp;cv=7.3.6.10201&amp;useragent=GoogleEarth/7.3.6.10201(Windows;Microsoft Windows (6.2.9200.0);ar;kml:2.2;client:Pro;type:default)",
          "extended_data": {
            "placepageUri": "https://www.google.com/earth/rpc/entity?lat=32.8866&amp;lng=13.1858&amp;fid=0x13a892b61f76f09f:0xd36dcaf09d4151a1&amp;hl=ar&amp;gl=ly&amp;client=earth-client&amp;cv=7.3.6.10201&amp;useragent=GoogleEarth/7.3.6.10201(Windows;Microsoft Windows (6.2.9200.0);ar;kml:2.2;client:Pro;type:default)",
            "العنوان": "طرابلس‎",
            "النوع": "مأكولات إيطالية‎",
            "الهاتف": "091-1706565",
            "الوصف": null,
            "وسائل الاتصال": "https://www.facebook.com/original.cafe.Tripoli/"
          },
          "kml_context_path": [
            "المطاعم في طرابلس",
            "المطاعم في طرابلس"
          ]
        },
        "source_composite_id": "KML_FC81306FF5:Placemark-58",
        "source_database": "المطاعم في طرابلس.kml",
        "source_feature_id": "Placemark-58",
        "source_filename_registry": "المطاعم في طرابلس(1).kml",
        "source_id": "KML_FC81306FF5",
        "source_layer": "المطاعم في طرابلس(1)",
        "source_subtype": "restaurant_kml",
        "target_layer": "RESTAURANTS",
        "validation_status": "SOURCE_EXTRACTED"
      },
      "type": "Feature"
    },
    {
      "geometry": {
        "coordinates": [
          13.175281,
          32.885651
        ],
        "type": "Point"
      },
      "properties": {
        "authoritative_boundary_claimed": false,
        "authority_status": "UNAPPROVED",
        "canonical_identity_approved": false,
        "governance_role": "LATEST_SUPPLIED_SNAPSHOT",
        "is_published": false,
        "is_validated": false,
        "publication_approved": false,
        "review_status": "REVIEW_REQUIRED",
        "source_attributes": {
          "Name": "مطعم الضيافة للوجبات السريعة‎‎",
          "description": "الوصف: <br>النوع: وجبات السريعـة  ‎<br>العنوان: الصريم‎<br>وسائل الاتصال: https://www.facebook.com/ALDIYAFA.LY/?locale=ar_AR<br>الهاتف: 0 92-5292761<br>placepageUri: https://www.google.com/earth/rpc/entity?lat=32.8866&lng=13.1858&fid=0x13a892cd206fa4a9:0x3f7e853032fb05a3&hl=ar&gl=ly&client=earth-client&cv=7.3.6.10201&useragent=GoogleEarth/7.3.6.10201(Windows;Microsoft Windows (6.2.9200.0);ar;kml:2.2;client:Pro;type:default)",
          "extended_data": {
            "placepageUri": "https://www.google.com/earth/rpc/entity?lat=32.8866&lng=13.1858&fid=0x13a892cd206fa4a9:0x3f7e853032fb05a3&hl=ar&gl=ly&client=earth-client&cv=7.3.6.10201&useragent=GoogleEarth/7.3.6.10201(Windows;Microsoft Windows (6.2.9200.0);ar;kml:2.2;client:Pro;type:default)",
            "العنوان": "الصريم‎",
            "النوع": "وجبات السريعـة  ‎",
            "الهاتف": "0 92-5292761",
            "الوصف": null,
            "وسائل الاتصال": "https://www.facebook.com/ALDIYAFA.LY/?locale=ar_AR"
          },
          "kml_context_path": [
            "المطاعم في طرابلس",
            "المطاعم في طرابلس"
          ]
        },
        "source_composite_id": "KML_FC81306FF5:Placemark-59",
        "source_database": "المطاعم في طرابلس.kml",
        "source_feature_id": "Placemark-59",
        "source_filename_registry": "المطاعم في طرابلس(1).kml",
        "source_id": "KML_FC81306FF5",
        "source_layer": "المطاعم في طرابلس(1)",
        "source_subtype": "restaurant_kml",
        "target_layer": "RESTAURANTS",
        "validation_status": "SOURCE_EXTRACTED"
      },
      "type": "Feature"
    },
    {
      "geometry": {
        "coordinates": [
          13.142667,
          32.879215
        ],
        "type": "Point"
      },
      "properties": {
        "authoritative_boundary_claimed": false,
        "authority_status": "UNAPPROVED",
        "canonical_identity_approved": false,
        "governance_role": "LATEST_SUPPLIED_SNAPSHOT",
        "is_published": false,
        "is_validated": false,
        "publication_approved": false,
        "review_status": "REVIEW_REQUIRED",
        "source_attributes": {
          "Name": "Lavina House",
          "description": "الوصف: <br>النوع: مأكولات متنوعة‎<br>العنوان: كورنيش حي الأندلس‎<br>وسائل الاتصال: https://www.facebook.com/lavinahouse.ly/<br>الهاتف: 092-2162016<br>placepageUri: https://www.google.com/earth/rpc/entity?lat=32.8866&amp;lng=13.1858&amp;fid=0x13a8ed76c0ac7bbd:0xc5a2c3ab78dc5baf&amp;hl=ar&amp;gl=ly&amp;client=earth-client&amp;cv=7.3.6.10201&amp;useragent=GoogleEarth/7.3.6.10201(Windows;Microsoft Windows (6.2.9200.0);ar;kml:2.2;client:Pro;type:default)",
          "extended_data": {
            "placepageUri": "https://www.google.com/earth/rpc/entity?lat=32.8866&amp;lng=13.1858&amp;fid=0x13a8ed76c0ac7bbd:0xc5a2c3ab78dc5baf&amp;hl=ar&amp;gl=ly&amp;client=earth-client&amp;cv=7.3.6.10201&amp;useragent=GoogleEarth/7.3.6.10201(Windows;Microsoft Windows (6.2.9200.0);ar;kml:2.2;client:Pro;type:default)",
            "العنوان": "كورنيش حي الأندلس‎",
            "النوع": "مأكولات متنوعة‎",
            "الهاتف": "092-2162016",
            "الوصف": null,
            "وسائل الاتصال": "https://www.facebook.com/lavinahouse.ly/"
          },
          "kml_context_path": [
            "المطاعم في طرابلس",
            "المطاعم في طرابلس"
          ]
        },
        "source_composite_id": "KML_FC81306FF5:Placemark-60",
        "source_database": "المطاعم في طرابلس.kml",
        "source_feature_id": "Placemark-60",
        "source_filename_registry": "المطاعم في طرابلس(1).kml",
        "source_id": "KML_FC81306FF5",
        "source_layer": "المطاعم في طرابلس(1)",
        "source_subtype": "restaurant_kml",
        "target_layer": "RESTAURANTS",
        "validation_status": "SOURCE_EXTRACTED"
      },
      "type": "Feature"
    },
    {
      "geometry": {
        "coordinates": [
          13.195502,
          32.890278
        ],
        "type": "Point"
      },
      "properties": {
        "authoritative_boundary_claimed": false,
        "authority_status": "UNAPPROVED",
        "canonical_identity_approved": false,
        "governance_role": "LATEST_SUPPLIED_SNAPSHOT",
        "is_published": false,
        "is_validated": false,
        "publication_approved": false,
        "review_status": "REVIEW_REQUIRED",
        "source_attributes": {
          "Name": "بيكانتي‎‎",
          "description": "الوصف: <br>النوع: مأكولات إيطالية‎<br>العنوان: الظهرة ‎<br>وسائل الاتصال: https://www.facebook.com/p/Picante_%D8%A8%D9%8A%D9%83%D8%A7%D9%86%D8%AA%D9%8A-100088643382739/?locale=ar_AR<br>الهاتف: 094-5314040<br>placepageUri: https://www.google.com/earth/rpc/entity?lat=32.8866&lng=13.1858&fid=0x13a8939c51a30937:0x3f1373273896eef8&hl=ar&gl=ly&client=earth-client&cv=7.3.6.10201&useragent=GoogleEarth/7.3.6.10201(Windows;Microsoft Windows (6.2.9200.0);ar;kml:2.2;client:Pro;type:default)",
          "extended_data": {
            "placepageUri": "https://www.google.com/earth/rpc/entity?lat=32.8866&lng=13.1858&fid=0x13a8939c51a30937:0x3f1373273896eef8&hl=ar&gl=ly&client=earth-client&cv=7.3.6.10201&useragent=GoogleEarth/7.3.6.10201(Windows;Microsoft Windows (6.2.9200.0);ar;kml:2.2;client:Pro;type:default)",
            "العنوان": "الظهرة ‎",
            "النوع": "مأكولات إيطالية‎",
            "الهاتف": "094-5314040",
            "الوصف": null,
            "وسائل الاتصال": "https://www.facebook.com/p/Picante_%D8%A8%D9%8A%D9%83%D8%A7%D9%86%D8%AA%D9%8A-100088643382739/?locale=ar_AR"
          },
          "kml_context_path": [
            "المطاعم في طرابلس",
            "المطاعم في طرابلس"
          ]
        },
        "source_composite_id": "KML_FC81306FF5:Placemark-61",
        "source_database": "المطاعم في طرابلس.kml",
        "source_feature_id": "Placemark-61",
        "source_filename_registry": "المطاعم في طرابلس(1).kml",
        "source_id": "KML_FC81306FF5",
        "source_layer": "المطاعم في طرابلس(1)",
        "source_subtype": "restaurant_kml",
        "target_layer": "RESTAURANTS",
        "validation_status": "SOURCE_EXTRACTED"
      },
      "type": "Feature"
    },
    {
      "geometry": {
        "coordinates": [
          13.188322,
          32.890738
        ],
        "type": "Point"
      },
      "properties": {
        "authoritative_boundary_claimed": false,
        "authority_status": "UNAPPROVED",
        "canonical_identity_approved": false,
        "governance_role": "LATEST_SUPPLIED_SNAPSHOT",
        "is_published": false,
        "is_validated": false,
        "publication_approved": false,
        "review_status": "REVIEW_REQUIRED",
        "source_attributes": {
          "Name": "مطعم بيلو‎‎",
          "description": "الوصف: <br>النوع: متخصص بأفخر اصناف الحلويات والعصائر الطبيعة‎<br>العنوان: الجرابة مول‎<br>وسائل الاتصال: https://www.facebook.com/Bellocafej/<br>الهاتف: 092-4894833<br>placepageUri: https://www.google.com/earth/rpc/entity?lat=32.8866&lng=13.1858&fid=0x13a8937be388fc71:0x225e5a7396050810&hl=ar&gl=ly&client=earth-client&cv=7.3.6.10201&useragent=GoogleEarth/7.3.6.10201(Windows;Microsoft Windows (6.2.9200.0);ar;kml:2.2;client:Pro;type:default)",
          "extended_data": {
            "placepageUri": "https://www.google.com/earth/rpc/entity?lat=32.8866&lng=13.1858&fid=0x13a8937be388fc71:0x225e5a7396050810&hl=ar&gl=ly&client=earth-client&cv=7.3.6.10201&useragent=GoogleEarth/7.3.6.10201(Windows;Microsoft Windows (6.2.9200.0);ar;kml:2.2;client:Pro;type:default)",
            "العنوان": "الجرابة مول‎",
            "النوع": "متخصص بأفخر اصناف الحلويات والعصائر الطبيعة‎",
            "الهاتف": "092-4894833",
            "الوصف": null,
            "وسائل الاتصال": "https://www.facebook.com/Bellocafej/"
          },
          "kml_context_path": [
            "المطاعم في طرابلس",
            "المطاعم في طرابلس"
          ]
        },
        "source_composite_id": "KML_FC81306FF5:Placemark-62",
        "source_database": "المطاعم في طرابلس.kml",
        "source_feature_id": "Placemark-62",
        "source_filename_registry": "المطاعم في طرابلس(1).kml",
        "source_id": "KML_FC81306FF5",
        "source_layer": "المطاعم في طرابلس(1)",
        "source_subtype": "restaurant_kml",
        "target_layer": "RESTAURANTS",
        "validation_status": "SOURCE_EXTRACTED"
      },
      "type": "Feature"
    },
    {
      "geometry": {
        "coordinates": [
          13.206439,
          32.894614
        ],
        "type": "Point"
      },
      "properties": {
        "authoritative_boundary_claimed": false,
        "authority_status": "UNAPPROVED",
        "canonical_identity_approved": false,
        "governance_role": "LATEST_SUPPLIED_SNAPSHOT",
        "is_published": false,
        "is_validated": false,
        "publication_approved": false,
        "review_status": "REVIEW_REQUIRED",
        "source_attributes": {
          "Name": "مطعم بونا بيتي‎‎‎",
          "description": "الوصف: <br>النوع: مأكولات حارة‎<br>العنوان: شارع عشرين طرابلس‎<br>وسائل الاتصال: https://www.facebook.com/p/%D9%85%D8%B9%D9%85%D9%84-%D8%A8%D9%88%D9%86%D8%A7-%D8%A8%D9%8A%D8%AA%D9%8A-%D8%A7%D9%83%D9%84%D8%A7%D8%AA-%D8%AD%D8%A7%D8%B1-%D9%88%D8%AD%D9%84%D9%88%D9%8A%D8%A7%D8%AA-%D9%88-%D9%83%D8%A7%D9%81%D9%8A-100063707367009/<br>الهاتف: 092-7455947<br>placepageUri: https://www.google.com/earth/rpc/entity?lat=32.8866&amp;lng=13.1858&amp;fid=0x13a893179401bce1:0xc8ce4554f627bd82&amp;hl=ar&amp;gl=ly&amp;client=earth-client&amp;cv=7.3.6.10201&amp;useragent=GoogleEarth/7.3.6.10201(Windows;Microsoft Windows (6.2.9200.0);ar;kml:2.2;client:Pro;type:default)",
          "extended_data": {
            "placepageUri": "https://www.google.com/earth/rpc/entity?lat=32.8866&amp;lng=13.1858&amp;fid=0x13a893179401bce1:0xc8ce4554f627bd82&amp;hl=ar&amp;gl=ly&amp;client=earth-client&amp;cv=7.3.6.10201&amp;useragent=GoogleEarth/7.3.6.10201(Windows;Microsoft Windows (6.2.9200.0);ar;kml:2.2;client:Pro;type:default)",
            "العنوان": "شارع عشرين طرابلس‎",
            "النوع": "مأكولات حارة‎",
            "الهاتف": "092-7455947",
            "الوصف": null,
            "وسائل الاتصال": "https://www.facebook.com/p/%D9%85%D8%B9%D9%85%D9%84-%D8%A8%D9%88%D9%86%D8%A7-%D8%A8%D9%8A%D8%AA%D9%8A-%D8%A7%D9%83%D9%84%D8%A7%D8%AA-%D8%AD%D8%A7%D8%B1-%D9%88%D8%AD%D9%84%D9%88%D9%8A%D8%A7%D8%AA-%D9%88-%D9%83%D8%A7%D9%81%D9%8A-100063707367009/"
          },
          "kml_context_path": [
            "المطاعم في طرابلس",
            "المطاعم في طرابلس"
          ]
        },
        "source_composite_id": "KML_FC81306FF5:Placemark-63",
        "source_database": "المطاعم في طرابلس.kml",
        "source_feature_id": "Placemark-63",
        "source_filename_registry": "المطاعم في طرابلس(1).kml",
        "source_id": "KML_FC81306FF5",
        "source_layer": "المطاعم في طرابلس(1)",
        "source_subtype": "restaurant_kml",
        "target_layer": "RESTAURANTS",
        "validation_status": "SOURCE_EXTRACTED"
      },
      "type": "Feature"
    },
    {
      "geometry": {
        "coordinates": [
          13.212695,
          32.893394
        ],
        "type": "Point"
      },
      "properties": {
        "authoritative_boundary_claimed": false,
        "authority_status": "UNAPPROVED",
        "canonical_identity_approved": false,
        "governance_role": "LATEST_SUPPLIED_SNAPSHOT",
        "is_published": false,
        "is_validated": false,
        "publication_approved": false,
        "review_status": "REVIEW_REQUIRED",
        "source_attributes": {
          "Name": "شاورما ومشاوي قوستوزو‎‎‎",
          "description": "الوصف: <br>النوع: مأكولات سريعة‎<br>العنوان: النوفلين /شارع مقابل لي شنابو‎<br>وسائل الاتصال: https://www.facebook.com/people/Gustoso-shawerma/100087236612866/?locale=ar_AR#<br>الهاتف: 091-5220111<br>placepageUri: https://www.google.com/earth/rpc/entity?lat=32.8866&amp;lng=13.1858&amp;fid=0x13a893c1a858c771:0x8d3b919ff4e57191&amp;hl=ar&amp;gl=ly&amp;client=earth-client&amp;cv=7.3.6.10201&amp;useragent=GoogleEarth/7.3.6.10201(Windows;Microsoft Windows (6.2.9200.0);ar;kml:2.2;client:Pro;type:default)",
          "extended_data": {
            "placepageUri": "https://www.google.com/earth/rpc/entity?lat=32.8866&amp;lng=13.1858&amp;fid=0x13a893c1a858c771:0x8d3b919ff4e57191&amp;hl=ar&amp;gl=ly&amp;client=earth-client&amp;cv=7.3.6.10201&amp;useragent=GoogleEarth/7.3.6.10201(Windows;Microsoft Windows (6.2.9200.0);ar;kml:2.2;client:Pro;type:default)",
            "العنوان": "النوفلين /شارع مقابل لي شنابو‎",
            "النوع": "مأكولات سريعة‎",
            "الهاتف": "091-5220111",
            "الوصف": null,
            "وسائل الاتصال": "https://www.facebook.com/people/Gustoso-shawerma/100087236612866/?locale=ar_AR#"
          },
          "kml_context_path": [
            "المطاعم في طرابلس",
            "المطاعم في طرابلس"
          ]
        },
        "source_composite_id": "KML_FC81306FF5:Placemark-64",
        "source_database": "المطاعم في طرابلس.kml",
        "source_feature_id": "Placemark-64",
        "source_filename_registry": "المطاعم في طرابلس(1).kml",
        "source_id": "KML_FC81306FF5",
        "source_layer": "المطاعم في طرابلس(1)",
        "source_subtype": "restaurant_kml",
        "target_layer": "RESTAURANTS",
        "validation_status": "SOURCE_EXTRACTED"
      },
      "type": "Feature"
    },
    {
      "geometry": {
        "coordinates": [
          13.19553,
          32.864032
        ],
        "type": "Point"
      },
      "properties": {
        "authoritative_boundary_claimed": false,
        "authority_status": "UNAPPROVED",
        "canonical_identity_approved": false,
        "governance_role": "LATEST_SUPPLIED_SNAPSHOT",
        "is_published": false,
        "is_validated": false,
        "publication_approved": false,
        "review_status": "REVIEW_REQUIRED",
        "source_attributes": {
          "Name": "مطعم ديوان الامير‎‎‎",
          "description": "الوصف: <br>النوع: <br>العنوان: طرابلس‎<br>وسائل الاتصال: https://www.facebook.com/diwanalamir0/<br>الهاتف: 091-3166989<br>placepageUri: https://www.google.com/earth/rpc/entity?lat=32.8866&amp;lng=13.1858&amp;fid=0x13a89300207f7945:0x479018f3f77595f6&amp;hl=ar&amp;gl=ly&amp;client=earth-client&amp;cv=7.3.6.10201&amp;useragent=GoogleEarth/7.3.6.10201(Windows;Microsoft Windows (6.2.9200.0);ar;kml:2.2;client:Pro;type:default)",
          "extended_data": {
            "placepageUri": "https://www.google.com/earth/rpc/entity?lat=32.8866&amp;lng=13.1858&amp;fid=0x13a89300207f7945:0x479018f3f77595f6&amp;hl=ar&amp;gl=ly&amp;client=earth-client&amp;cv=7.3.6.10201&amp;useragent=GoogleEarth/7.3.6.10201(Windows;Microsoft Windows (6.2.9200.0);ar;kml:2.2;client:Pro;type:default)",
            "العنوان": "طرابلس‎",
            "النوع": null,
            "الهاتف": "091-3166989",
            "الوصف": null,
            "وسائل الاتصال": "https://www.facebook.com/diwanalamir0/"
          },
          "kml_context_path": [
            "المطاعم في طرابلس",
            "المطاعم في طرابلس"
          ]
        },
        "source_composite_id": "KML_FC81306FF5:Placemark-65",
        "source_database": "المطاعم في طرابلس.kml",
        "source_feature_id": "Placemark-65",
        "source_filename_registry": "المطاعم في طرابلس(1).kml",
        "source_id": "KML_FC81306FF5",
        "source_layer": "المطاعم في طرابلس(1)",
        "source_subtype": "restaurant_kml",
        "target_layer": "RESTAURANTS",
        "validation_status": "SOURCE_EXTRACTED"
      },
      "type": "Feature"
    },
    {
      "geometry": {
        "coordinates": [
          13.207182,
          32.899774
        ],
        "type": "Point"
      },
      "properties": {
        "authoritative_boundary_claimed": false,
        "authority_status": "UNAPPROVED",
        "canonical_identity_approved": false,
        "governance_role": "LATEST_SUPPLIED_SNAPSHOT",
        "is_published": false,
        "is_validated": false,
        "publication_approved": false,
        "review_status": "REVIEW_REQUIRED",
        "source_attributes": {
          "Name": "برانش كافي - برنش كافيه‎‎",
          "description": "الوصف: <br>النوع: مأكولات متنوعة‎<br>العنوان: طريق الشط‎<br>وسائل الاتصال: https://www.facebook.com/p/Brunch-cafe-100093128135206/<br>الهاتف: 092-8881211<br>placepageUri: https://www.google.com/earth/rpc/entity?lat=32.8866&lng=13.1858&fid=0x13a8935f3279c9bf:0x1d1fe68a07db86b1&hl=ar&gl=ly&client=earth-client&cv=7.3.6.10201&useragent=GoogleEarth/7.3.6.10201(Windows;Microsoft Windows (6.2.9200.0);ar;kml:2.2;client:Pro;type:default)",
          "extended_data": {
            "placepageUri": "https://www.google.com/earth/rpc/entity?lat=32.8866&lng=13.1858&fid=0x13a8935f3279c9bf:0x1d1fe68a07db86b1&hl=ar&gl=ly&client=earth-client&cv=7.3.6.10201&useragent=GoogleEarth/7.3.6.10201(Windows;Microsoft Windows (6.2.9200.0);ar;kml:2.2;client:Pro;type:default)",
            "العنوان": "طريق الشط‎",
            "النوع": "مأكولات متنوعة‎",
            "الهاتف": "092-8881211",
            "الوصف": null,
            "وسائل الاتصال": "https://www.facebook.com/p/Brunch-cafe-100093128135206/"
          },
          "kml_context_path": [
            "المطاعم في طرابلس",
            "المطاعم في طرابلس"
          ]
        },
        "source_composite_id": "KML_FC81306FF5:Placemark-66",
        "source_database": "المطاعم في طرابلس.kml",
        "source_feature_id": "Placemark-66",
        "source_filename_registry": "المطاعم في طرابلس(1).kml",
        "source_id": "KML_FC81306FF5",
        "source_layer": "المطاعم في طرابلس(1)",
        "source_subtype": "restaurant_kml",
        "target_layer": "RESTAURANTS",
        "validation_status": "SOURCE_EXTRACTED"
      },
      "type": "Feature"
    },
    {
      "geometry": {
        "coordinates": [
          13.178499,
          32.874695
        ],
        "type": "Point"
      },
      "properties": {
        "authoritative_boundary_claimed": false,
        "authority_status": "UNAPPROVED",
        "canonical_identity_approved": false,
        "governance_role": "LATEST_SUPPLIED_SNAPSHOT",
        "is_published": false,
        "is_validated": false,
        "publication_approved": false,
        "review_status": "REVIEW_REQUIRED",
        "source_attributes": {
          "Name": "مطعم ميلانو للوجبات السريعة‎‎",
          "description": "الوصف: <br>النوع: للوجبات السريعة‎<br>العنوان: طرابلس‎<br>وسائل الاتصال: https://www.facebook.com/MilanoFastFood.TripoliCity/?locale=ar_AR<br>الهاتف: 091-1139535<br>placepageUri: https://www.google.com/earth/rpc/entity?lat=32.8866&lng=13.1858&fid=0x13a892d5cac14eb3:0xc12c017ed86e4750&hl=ar&gl=ly&client=earth-client&cv=7.3.6.10201&useragent=GoogleEarth/7.3.6.10201(Windows;Microsoft Windows (6.2.9200.0);ar;kml:2.2;client:Pro;type:default)",
          "extended_data": {
            "placepageUri": "https://www.google.com/earth/rpc/entity?lat=32.8866&lng=13.1858&fid=0x13a892d5cac14eb3:0xc12c017ed86e4750&hl=ar&gl=ly&client=earth-client&cv=7.3.6.10201&useragent=GoogleEarth/7.3.6.10201(Windows;Microsoft Windows (6.2.9200.0);ar;kml:2.2;client:Pro;type:default)",
            "العنوان": "طرابلس‎",
            "النوع": "للوجبات السريعة‎",
            "الهاتف": "091-1139535",
            "الوصف": null,
            "وسائل الاتصال": "https://www.facebook.com/MilanoFastFood.TripoliCity/?locale=ar_AR"
          },
          "kml_context_path": [
            "المطاعم في طرابلس",
            "المطاعم في طرابلس"
          ]
        },
        "source_composite_id": "KML_FC81306FF5:Placemark-67",
        "source_database": "المطاعم في طرابلس.kml",
        "source_feature_id": "Placemark-67",
        "source_filename_registry": "المطاعم في طرابلس(1).kml",
        "source_id": "KML_FC81306FF5",
        "source_layer": "المطاعم في طرابلس(1)",
        "source_subtype": "restaurant_kml",
        "target_layer": "RESTAURANTS",
        "validation_status": "SOURCE_EXTRACTED"
      },
      "type": "Feature"
    },
    {
      "geometry": {
        "coordinates": [
          13.186712,
          32.884072
        ],
        "type": "Point"
      },
      "properties": {
        "authoritative_boundary_claimed": false,
        "authority_status": "UNAPPROVED",
        "canonical_identity_approved": false,
        "governance_role": "LATEST_SUPPLIED_SNAPSHOT",
        "is_published": false,
        "is_validated": false,
        "publication_approved": false,
        "review_status": "REVIEW_REQUIRED",
        "source_attributes": {
          "Name": "تاكور قريل‎‎",
          "description": "النوع: <br>العنوان: جنزور - كوبري 17‎<br>الوصف: وجبات سريعة ‎<br>وسائل الاتصال: https://www.facebook.com/p/%D8%AA%D8%A7%D9%83%D9%80%D9%88%D8%B3-%D9%82%D8%B1%D9%8A%D9%80%D9%84-TACOS-GRILL-61565470545990/<br>الهاتف: 094-0161717<br>placepageUri: https://www.google.com/earth/rpc/entity?lat=32.8866&lng=13.1858&fid=0x13a893bba29aa919:0xa85a194529728e45&hl=ar&gl=ly&client=earth-client&cv=7.3.6.10201&useragent=GoogleEarth/7.3.6.10201(Windows;Microsoft Windows (6.2.9200.0);ar;kml:2.2;client:Pro;type:default)",
          "extended_data": {
            "placepageUri": "https://www.google.com/earth/rpc/entity?lat=32.8866&lng=13.1858&fid=0x13a893bba29aa919:0xa85a194529728e45&hl=ar&gl=ly&client=earth-client&cv=7.3.6.10201&useragent=GoogleEarth/7.3.6.10201(Windows;Microsoft Windows (6.2.9200.0);ar;kml:2.2;client:Pro;type:default)",
            "العنوان": "جنزور - كوبري 17‎",
            "النوع": null,
            "الهاتف": "094-0161717",
            "الوصف": "وجبات سريعة ‎",
            "وسائل الاتصال": "https://www.facebook.com/p/%D8%AA%D8%A7%D9%83%D9%80%D9%88%D8%B3-%D9%82%D8%B1%D9%8A%D9%80%D9%84-TACOS-GRILL-61565470545990/"
          },
          "kml_context_path": [
            "المطاعم في طرابلس",
            "المطاعم في طرابلس"
          ]
        },
        "source_composite_id": "KML_FC81306FF5:Placemark-68",
        "source_database": "المطاعم في طرابلس.kml",
        "source_feature_id": "Placemark-68",
        "source_filename_registry": "المطاعم في طرابلس(1).kml",
        "source_id": "KML_FC81306FF5",
        "source_layer": "المطاعم في طرابلس(1)",
        "source_subtype": "restaurant_kml",
        "target_layer": "RESTAURANTS",
        "validation_status": "SOURCE_EXTRACTED"
      },
      "type": "Feature"
    },
    {
      "geometry": {
        "coordinates": [
          13.181797,
          32.889634
        ],
        "type": "Point"
      },
      "properties": {
        "authoritative_boundary_claimed": false,
        "authority_status": "UNAPPROVED",
        "canonical_identity_approved": false,
        "governance_role": "LATEST_SUPPLIED_SNAPSHOT",
        "is_published": false,
        "is_validated": false,
        "publication_approved": false,
        "review_status": "REVIEW_REQUIRED",
        "source_attributes": {
          "Name": "هامبوربو جاجا‎‎",
          "description": "النوع: <br>العنوان: ميدان القادسية,‎<br>الوصف: وجبات سريعة‎<br>وسائل الاتصال: https://www.facebook.com/people/%D8%AC%D8%A7-%D8%AC%D8%A7-Ja-Ja/61563140429487/<br>الهاتف: 092-3475244<br>placepageUri: https://www.google.com/earth/rpc/entity?lat=32.8866&lng=13.1858&fid=0x13a892c916281a09:0x3c2a5591bf2f74b9&hl=ar&gl=ly&client=earth-client&cv=7.3.6.10201&useragent=GoogleEarth/7.3.6.10201(Windows;Microsoft Windows (6.2.9200.0);ar;kml:2.2;client:Pro;type:default)",
          "extended_data": {
            "placepageUri": "https://www.google.com/earth/rpc/entity?lat=32.8866&lng=13.1858&fid=0x13a892c916281a09:0x3c2a5591bf2f74b9&hl=ar&gl=ly&client=earth-client&cv=7.3.6.10201&useragent=GoogleEarth/7.3.6.10201(Windows;Microsoft Windows (6.2.9200.0);ar;kml:2.2;client:Pro;type:default)",
            "العنوان": "ميدان القادسية,‎",
            "النوع": null,
            "الهاتف": "092-3475244",
            "الوصف": "وجبات سريعة‎",
            "وسائل الاتصال": "https://www.facebook.com/people/%D8%AC%D8%A7-%D8%AC%D8%A7-Ja-Ja/61563140429487/"
          },
          "kml_context_path": [
            "المطاعم في طرابلس",
            "المطاعم في طرابلس"
          ]
        },
        "source_composite_id": "KML_FC81306FF5:Placemark-69",
        "source_database": "المطاعم في طرابلس.kml",
        "source_feature_id": "Placemark-69",
        "source_filename_registry": "المطاعم في طرابلس(1).kml",
        "source_id": "KML_FC81306FF5",
        "source_layer": "المطاعم في طرابلس(1)",
        "source_subtype": "restaurant_kml",
        "target_layer": "RESTAURANTS",
        "validation_status": "SOURCE_EXTRACTED"
      },
      "type": "Feature"
    },
    {
      "geometry": {
        "coordinates": [
          13.185077,
          32.882696
        ],
        "type": "Point"
      },
      "properties": {
        "authoritative_boundary_claimed": false,
        "authority_status": "UNAPPROVED",
        "canonical_identity_approved": false,
        "governance_role": "LATEST_SUPPLIED_SNAPSHOT",
        "is_published": false,
        "is_validated": false,
        "publication_approved": false,
        "review_status": "REVIEW_REQUIRED",
        "source_attributes": {
          "Name": "مطعم الأزرقاني للمأكولات الشعبية و الشرقية‎‎",
          "description": "النوع: <br>العنوان: شارع الجمهورية‎<br>الوصف: مأكولات شعبية و شرقية‎<br>وسائل الاتصال: https://www.facebook.com/AlzurganiCatering/?locale=ar_AR<br>الهاتف: 091-2110912<br>placepageUri: https://www.google.com/earth/rpc/entity?lat=32.8866&lng=13.1858&fid=0x13a893a4839c90ef:0x56a733d012824182&hl=ar&gl=ly&client=earth-client&cv=7.3.6.10201&useragent=GoogleEarth/7.3.6.10201(Windows;Microsoft Windows (6.2.9200.0);ar;kml:2.2;client:Pro;type:default)",
          "extended_data": {
            "placepageUri": "https://www.google.com/earth/rpc/entity?lat=32.8866&lng=13.1858&fid=0x13a893a4839c90ef:0x56a733d012824182&hl=ar&gl=ly&client=earth-client&cv=7.3.6.10201&useragent=GoogleEarth/7.3.6.10201(Windows;Microsoft Windows (6.2.9200.0);ar;kml:2.2;client:Pro;type:default)",
            "العنوان": "شارع الجمهورية‎",
            "النوع": null,
            "الهاتف": "091-2110912",
            "الوصف": "مأكولات شعبية و شرقية‎",
            "وسائل الاتصال": "https://www.facebook.com/AlzurganiCatering/?locale=ar_AR"
          },
          "kml_context_path": [
            "المطاعم في طرابلس",
            "المطاعم في طرابلس"
          ]
        },
        "source_composite_id": "KML_FC81306FF5:Placemark-70",
        "source_database": "المطاعم في طرابلس.kml",
        "source_feature_id": "Placemark-70",
        "source_filename_registry": "المطاعم في طرابلس(1).kml",
        "source_id": "KML_FC81306FF5",
        "source_layer": "المطاعم في طرابلس(1)",
        "source_subtype": "restaurant_kml",
        "target_layer": "RESTAURANTS",
        "validation_status": "SOURCE_EXTRACTED"
      },
      "type": "Feature"
    },
    {
      "geometry": {
        "coordinates": [
          13.186459,
          32.883961
        ],
        "type": "Point"
      },
      "properties": {
        "authoritative_boundary_claimed": false,
        "authority_status": "UNAPPROVED",
        "canonical_identity_approved": false,
        "governance_role": "LATEST_SUPPLIED_SNAPSHOT",
        "is_published": false,
        "is_validated": false,
        "publication_approved": false,
        "review_status": "REVIEW_REQUIRED",
        "source_attributes": {
          "Name": "ديفيو سبان‎‎",
          "description": "النوع: <br>العنوان: حي الاندلس‎<br>الوصف: <br>وسائل الاتصال: https://www.facebook.com/theviw4/?locale=ar_AR<br>الهاتف: 0924111801 <br>placepageUri: https://www.google.com/earth/rpc/entity?lat=32.8866&lng=13.1858&fid=0x13a89321e7f7b83f:0x8b862a507813deb&hl=ar&gl=ly&client=earth-client&cv=7.3.6.10201&useragent=GoogleEarth/7.3.6.10201(Windows;Microsoft Windows (6.2.9200.0);ar;kml:2.2;client:Pro;type:default)",
          "extended_data": {
            "placepageUri": "https://www.google.com/earth/rpc/entity?lat=32.8866&lng=13.1858&fid=0x13a89321e7f7b83f:0x8b862a507813deb&hl=ar&gl=ly&client=earth-client&cv=7.3.6.10201&useragent=GoogleEarth/7.3.6.10201(Windows;Microsoft Windows (6.2.9200.0);ar;kml:2.2;client:Pro;type:default)",
            "العنوان": "حي الاندلس‎",
            "النوع": null,
            "الهاتف": "0924111801",
            "الوصف": null,
            "وسائل الاتصال": "https://www.facebook.com/theviw4/?locale=ar_AR"
          },
          "kml_context_path": [
            "المطاعم في طرابلس",
            "المطاعم في طرابلس"
          ]
        },
        "source_composite_id": "KML_FC81306FF5:Placemark-71",
        "source_database": "المطاعم في طرابلس.kml",
        "source_feature_id": "Placemark-71",
        "source_filename_registry": "المطاعم في طرابلس(1).kml",
        "source_id": "KML_FC81306FF5",
        "source_layer": "المطاعم في طرابلس(1)",
        "source_subtype": "restaurant_kml",
        "target_layer": "RESTAURANTS",
        "validation_status": "SOURCE_EXTRACTED"
      },
      "type": "Feature"
    },
    {
      "geometry": {
        "coordinates": [
          13.179431,
          32.884117
        ],
        "type": "Point"
      },
      "properties": {
        "authoritative_boundary_claimed": false,
        "authority_status": "UNAPPROVED",
        "canonical_identity_approved": false,
        "governance_role": "LATEST_SUPPLIED_SNAPSHOT",
        "is_published": false,
        "is_validated": false,
        "publication_approved": false,
        "review_status": "REVIEW_REQUIRED",
        "source_attributes": {
          "Name": "مطعم المدينة التركية - شارع سليمان الباروني‎‎",
          "description": "النوع: <br>العنوان: طرابلس شارع النصر‎<br>الوصف: مأكولات تركية‎<br>وسائل الاتصال: https://www.facebook.com/p/%D9%85%D8%B7%D8%B9%D9%85-%D8%A7%D9%84%D9%85%D8%AF%D9%8A%D9%86%D8%A9-%D8%A7%D9%84%D8%AA%D8%B1%D9%83%D9%8A-100088343786964/<br>الهاتف: 091-2551287<br>placepageUri: https://www.google.com/earth/rpc/entity?lat=32.8866&lng=13.1858&fid=0x13a893a81b236399:0x5ad3dfa060a2736c&hl=ar&gl=ly&client=earth-client&cv=7.3.6.10201&useragent=GoogleEarth/7.3.6.10201(Windows;Microsoft Windows (6.2.9200.0);ar;kml:2.2;client:Pro;type:default)",
          "extended_data": {
            "placepageUri": "https://www.google.com/earth/rpc/entity?lat=32.8866&lng=13.1858&fid=0x13a893a81b236399:0x5ad3dfa060a2736c&hl=ar&gl=ly&client=earth-client&cv=7.3.6.10201&useragent=GoogleEarth/7.3.6.10201(Windows;Microsoft Windows (6.2.9200.0);ar;kml:2.2;client:Pro;type:default)",
            "العنوان": "طرابلس شارع النصر‎",
            "النوع": null,
            "الهاتف": "091-2551287",
            "الوصف": "مأكولات تركية‎",
            "وسائل الاتصال": "https://www.facebook.com/p/%D9%85%D8%B7%D8%B9%D9%85-%D8%A7%D9%84%D9%85%D8%AF%D9%8A%D9%86%D8%A9-%D8%A7%D9%84%D8%AA%D8%B1%D9%83%D9%8A-100088343786964/"
          },
          "kml_context_path": [
            "المطاعم في طرابلس",
            "المطاعم في طرابلس"
          ]
        },
        "source_composite_id": "KML_FC81306FF5:Placemark-72",
        "source_database": "المطاعم في طرابلس.kml",
        "source_feature_id": "Placemark-72",
        "source_filename_registry": "المطاعم في طرابلس(1).kml",
        "source_id": "KML_FC81306FF5",
        "source_layer": "المطاعم في طرابلس(1)",
        "source_subtype": "restaurant_kml",
        "target_layer": "RESTAURANTS",
        "validation_status": "SOURCE_EXTRACTED"
      },
      "type": "Feature"
    },
    {
      "geometry": {
        "coordinates": [
          13.183296,
          32.889619
        ],
        "type": "Point"
      },
      "properties": {
        "authoritative_boundary_claimed": false,
        "authority_status": "UNAPPROVED",
        "canonical_identity_approved": false,
        "governance_role": "LATEST_SUPPLIED_SNAPSHOT",
        "is_published": false,
        "is_validated": false,
        "publication_approved": false,
        "review_status": "REVIEW_REQUIRED",
        "source_attributes": {
          "Name": "مطعم المدق الدمشقي‎‎",
          "description": "النوع: <br>العنوان: طرابلس ‎<br>الوصف: مأكولات متنوعة‎<br>وسائل الاتصال: https://www.facebook.com/TheDamasceneTaste/photos/<br>الهاتف: 092-0479866<br>placepageUri: https://www.google.com/earth/rpc/entity?lat=32.8866&lng=13.1858&fid=0x13a893000b9be663:0xdeb840aa07614753&hl=ar&gl=ly&client=earth-client&cv=7.3.6.10201&useragent=GoogleEarth/7.3.6.10201(Windows;Microsoft Windows (6.2.9200.0);ar;kml:2.2;client:Pro;type:default)",
          "extended_data": {
            "placepageUri": "https://www.google.com/earth/rpc/entity?lat=32.8866&lng=13.1858&fid=0x13a893000b9be663:0xdeb840aa07614753&hl=ar&gl=ly&client=earth-client&cv=7.3.6.10201&useragent=GoogleEarth/7.3.6.10201(Windows;Microsoft Windows (6.2.9200.0);ar;kml:2.2;client:Pro;type:default)",
            "العنوان": "طرابلس ‎",
            "النوع": null,
            "الهاتف": "092-0479866",
            "الوصف": "مأكولات متنوعة‎",
            "وسائل الاتصال": "https://www.facebook.com/TheDamasceneTaste/photos/"
          },
          "kml_context_path": [
            "المطاعم في طرابلس",
            "المطاعم في طرابلس"
          ]
        },
        "source_composite_id": "KML_FC81306FF5:Placemark-73",
        "source_database": "المطاعم في طرابلس.kml",
        "source_feature_id": "Placemark-73",
        "source_filename_registry": "المطاعم في طرابلس(1).kml",
        "source_id": "KML_FC81306FF5",
        "source_layer": "المطاعم في طرابلس(1)",
        "source_subtype": "restaurant_kml",
        "target_layer": "RESTAURANTS",
        "validation_status": "SOURCE_EXTRACTED"
      },
      "type": "Feature"
    },
    {
      "geometry": {
        "coordinates": [
          13.211537,
          32.894756
        ],
        "type": "Point"
      },
      "properties": {
        "authoritative_boundary_claimed": false,
        "authority_status": "UNAPPROVED",
        "canonical_identity_approved": false,
        "governance_role": "LATEST_SUPPLIED_SNAPSHOT",
        "is_published": false,
        "is_validated": false,
        "publication_approved": false,
        "review_status": "REVIEW_REQUIRED",
        "source_attributes": {
          "Name": "مطعم بيت جدي للخدمات التمونية ، طرابلس ، ليبيا‎‎",
          "description": "النوع: <br>العنوان: زاوية الدهماني‎<br>الوصف: للأكل الليبي الشعبي‎<br>وسائل الاتصال: https://www.facebook.com/p/%D9%85%D8%B7%D8%B9%D9%85-%D8%A8%D9%8A%D8%AA-%D8%AC%D8%AF%D9%8A-%D9%84%D9%84%D8%AE%D8%AF%D9%85%D8%A7%D8%AA-%D8%A7%D9%84%D8%AA%D9%85%D9%88%D9%8A%D9%86%D9%8A%D8%A9-100054213591815/<br>الهاتف: 091-1249291<br>placepageUri: https://www.google.com/earth/rpc/entity?lat=32.8866&lng=13.1858&fid=0x13a8933da42e57b5:0xaf66b71da4ad6675&hl=ar&gl=ly&client=earth-client&cv=7.3.6.10201&useragent=GoogleEarth/7.3.6.10201(Windows;Microsoft Windows (6.2.9200.0);ar;kml:2.2;client:Pro;type:default)",
          "extended_data": {
            "placepageUri": "https://www.google.com/earth/rpc/entity?lat=32.8866&lng=13.1858&fid=0x13a8933da42e57b5:0xaf66b71da4ad6675&hl=ar&gl=ly&client=earth-client&cv=7.3.6.10201&useragent=GoogleEarth/7.3.6.10201(Windows;Microsoft Windows (6.2.9200.0);ar;kml:2.2;client:Pro;type:default)",
            "العنوان": "زاوية الدهماني‎",
            "النوع": null,
            "الهاتف": "091-1249291",
            "الوصف": "للأكل الليبي الشعبي‎",
            "وسائل الاتصال": "https://www.facebook.com/p/%D9%85%D8%B7%D8%B9%D9%85-%D8%A8%D9%8A%D8%AA-%D8%AC%D8%AF%D9%8A-%D9%84%D9%84%D8%AE%D8%AF%D9%85%D8%A7%D8%AA-%D8%A7%D9%84%D8%AA%D9%85%D9%88%D9%8A%D9%86%D9%8A%D8%A9-100054213591815/"
          },
          "kml_context_path": [
            "المطاعم في طرابلس",
            "المطاعم في طرابلس"
          ]
        },
        "source_composite_id": "KML_FC81306FF5:Placemark-74",
        "source_database": "المطاعم في طرابلس.kml",
        "source_feature_id": "Placemark-74",
        "source_filename_registry": "المطاعم في طرابلس(1).kml",
        "source_id": "KML_FC81306FF5",
        "source_layer": "المطاعم في طرابلس(1)",
        "source_subtype": "restaurant_kml",
        "target_layer": "RESTAURANTS",
        "validation_status": "SOURCE_EXTRACTED"
      },
      "type": "Feature"
    },
    {
      "geometry": {
        "coordinates": [
          13.229538,
          32.868994
        ],
        "type": "Point"
      },
      "properties": {
        "authoritative_boundary_claimed": false,
        "authority_status": "UNAPPROVED",
        "canonical_identity_approved": false,
        "governance_role": "LATEST_SUPPLIED_SNAPSHOT",
        "is_published": false,
        "is_validated": false,
        "publication_approved": false,
        "review_status": "REVIEW_REQUIRED",
        "source_attributes": {
          "Name": "شيزي زياد فرع زناتة‎‎",
          "description": "النوع: <br>العنوان: طرابلس زناتة‎<br>الوصف: <br>وسائل الاتصال: https://www.facebook.com/shaichziyed/?locale=ar_AR<br>الهاتف: 091-4565647<br>placepageUri: https://www.google.com/earth/rpc/entity?lat=32.8866&lng=13.1858&fid=0x13a89312fa1327e7:0xbb6c3f747217b5f7&hl=ar&gl=ly&client=earth-client&cv=7.3.6.10201&useragent=GoogleEarth/7.3.6.10201(Windows;Microsoft Windows (6.2.9200.0);ar;kml:2.2;client:Pro;type:default)",
          "extended_data": {
            "placepageUri": "https://www.google.com/earth/rpc/entity?lat=32.8866&lng=13.1858&fid=0x13a89312fa1327e7:0xbb6c3f747217b5f7&hl=ar&gl=ly&client=earth-client&cv=7.3.6.10201&useragent=GoogleEarth/7.3.6.10201(Windows;Microsoft Windows (6.2.9200.0);ar;kml:2.2;client:Pro;type:default)",
            "العنوان": "طرابلس زناتة‎",
            "النوع": null,
            "الهاتف": "091-4565647",
            "الوصف": null,
            "وسائل الاتصال": "https://www.facebook.com/shaichziyed/?locale=ar_AR"
          },
          "kml_context_path": [
            "المطاعم في طرابلس",
            "المطاعم في طرابلس"
          ]
        },
        "source_composite_id": "KML_FC81306FF5:Placemark-75",
        "source_database": "المطاعم في طرابلس.kml",
        "source_feature_id": "Placemark-75",
        "source_filename_registry": "المطاعم في طرابلس(1).kml",
        "source_id": "KML_FC81306FF5",
        "source_layer": "المطاعم في طرابلس(1)",
        "source_subtype": "restaurant_kml",
        "target_layer": "RESTAURANTS",
        "validation_status": "SOURCE_EXTRACTED"
      },
      "type": "Feature"
    }
  ],
  "gdb_feature_count": 35,
  "kml_feature_count": 75,
  "layer_code": "RESTAURANTS",
  "publication_approved": false,
  "schema_version": 1,
  "source_database": [
    "Libya ATLAS Project.gdb",
    "المطاعم في طرابلس.kml"
  ],
  "source_feature_count": 110,
  "source_kml_sha256": "9b7b9b1d5c2247528985b28eadf47ccdd6e5492038f7500af273204a1fd9764c",
  "type": "FeatureCollection"
}
